S score (FLC+Geld-FLC),RNA Seq A17 in vs. out
0.058900352000002,0.115
-0.413168092299998,-0.143
-0.413168092299998,-0.3
-2.4859244348,0.105
-0.450642797900001,0.123
0.240288513499999,1.016
1.1815754291,0.89
-8.3439054299,0.134
-3.872599711,0.204
-11.4650567482,-0.264
0.6844427043,1.808
-5.839432847,-0.127
-1.1877210541,1.393
-1.3293365016,0.439
-7.6610956058,1.27
-7.5006309336,0.813
-7.1813524171,0.163
-1.0385197172,-2.755
-4.0993705729,-2.601
-7.320058688,-3.063
-6.6029926512,0.766
-9.2010706517,-0.054
-4.5006309336,-0.614
-5.1136078105,2.056
1.1103938637,0.584
-3.872599711,-0.473
-1.0788916051,-2.411
-4.872599711,0.367
-3.0468387983,0.268
4.2807287799,-0.326
-1.021977335,0.587
-0.413168092299998,-0.42
-1.0362140949,1.08
-5.3517675477,0.319
-7.5424511093,0.428
-2.6993250562,2.201
-6.872599711,0.572
4.2918882538,0.991
0.722487006999998,0.714
0.693747111600001,-0.85
-0.140973687299999,1.27
-0.0389162078999998,0.542
-1.0946849473,0.518
-6.622621458,3.157
-5.770720097,0.595
-2.136836864,0.409
2.2649038128,0.005
1.2312954201,0.194
-1.5506716161,2.033
-2.9981305931,0.984
-3.4131680924,1.585
-2.0492047777,3.948
-6.1680555945,0.298
-6.0570242821,0.558
-7.6323366128,-0.374
-2.4772984298,-1.919
1.0342908846,0.726
-5.320058688,-0.459
-1.6881751399,-0.948
2.2566833059,-1.113
-1.278625969,0.592
-5.1136078105,0.816
-0.2114381764,-1.79
-2.7350961872,0.297
1.1717944084,0.048
-4.2205230144,0.442
-0.413168092299998,0.049
-1.3063676477,0.56
0.470317898899999,0.776
-2.2596228341,-0.355
-2.2033557313,-0.694
-0.360812687299999,-1.599
-0.3203084837,-1.239
-1.3871728839,1.162
-1.2560671313,-0.923
-4.0855934343,-0.834
-1.1467550081,-0.903
4.859850402,1.262
-3.8291253845,0.429
-2.8622081052,-0.661
-0.413168092299998,0.501
0.802337943300001,0.88
-1.5612249402,1.024
-1.8175583475,0.225
0.0782202930999993,-0.579
-1.9012690539,-0.962
-9.292751342,0.623
-4.3036896156,0.289
-2.2205230144,0.854
-5.0570242821,0.554
-0.475689177,-0.945
-0.761091395799998,-0.439
0.7198934374,1.778
-1.116696727,0.147
-1.3874203232,-0.21
-2.4092846579,-0.772
-0.7115093669,-1.202
-4.7143376271,-0.806
-0.413168092299998,-2.151
-5.2205230144,0.003
-0.413168092299998,-0.404
3.0433460428,2.22
-2.0615970119,0.145
5.2234565282,-0.623
-0.413168092299998,-0.568
-3.4995283772,-0.368
-0.427995510100001,0.073
-3.1272920124,0.676
-0.612937604800003,1.632
-0.8492672072,-0.981
-5.622621458,-0.398
-1.4575622118,0.268
2.0462635262,-1.23
-7.5830930938,-0.416
-0.6809796385,0.393
-0.453469457100001,-0.73
-1.9903532426,-0.113
2.2113227725,0.367
-5.5830930938,-0.094
-2.9537364738,-1.427
-1.6148019536,0.438
-1.0570242822,1.91
-8.1613609419,-1.921
-5.1136078105,-5.251
-4.1039252571,-0.227
-4.7757381718,-0.885
-3.7161546236,0.538
-5.9050211887,0.487
-7.8168902784,-0.338
-0.1471559867,-1.217
2.4329192242,1.104
-1.5332895379,2.114
-6.8225590285,-0.665
1.6126719125,-0.94
0.882287791099998,0.039
-7.839432847,-2.395
-5.3673644027,-1.472
-0.413168092299998,-0.473
-0.413168092299998,-2.384
-0.0810920420999999,-1.561
0.439605954399999,-1.702
-0.119555908799999,-1.474
-5.320058688,-0.098
-4.1680555945,0.286
-8.8225590285,-0.27
-4.4131680924,0.47
-4.872599711,-0.002
-7.8561115882,-0.443
-6.4792572828,-1.083
-2.5062774967,1.063
-6.2460581065,0.099
-7.0996686195,-0.68
-3.4131680923,-1.998
-5.1136078105,0.724
-1.8172819426,1.056
-0.346053896499999,1.849
-5.5006309336,-0.699
-5.1136078105,0.592
3.1717944084,0.512
-7.4899836894,-0.057
-2.1236614752,0.069
-1.160402022,-1.506
-3.7350961872,-0.042
-0.413168092299998,-0.696
-2.1707439662,-2.117
1.3941868297,-1.517
-3.4131680923,-0.323
-6.622621458,0.197
-1.703225672,0.174
-6.3240606185,4.261
-6.1410885469,2.266
-0.536974294,-0.674
-4.8327069839,0.803
-0.413168092299998,0.683
-2.1033854274,0.035
-1.9223277691,-0.228
-7.3439054299,2.421
-3.7350961872,-2.189
-7.5930771824,0.05
1.5868319076,-0.459
0.956526421399998,-0.49
1.0607630959,0.381
4.8463941215,2.188
-8.9639148777,-1.503
-1.915668433,-2.424
-1.8860496662,-0.086
7.381247774,-0.221
-4.3039390226,-0.862
-4.872599711,0.678
-6.8561115882,0.561
-5.9367300484,0.446
-0.754602501599999,0.969
-0.413168092299998,-0.011
-1.6573786239,0.584
-6.0570242821,0.752
-0.6577061547,1.269
-3.8685585458,2.687
-1.8496853191,3.924
-8.1978029379,0.332
1.3653639945,-0.67
-3.10015153,-0.949
-9.9010081262,-0.674
-10.0497927129,-1.316
-5.2711490875,-0.805
-9.123974526,0.875
-0.8184245709,0.941
-3.9981305931,-0.425
-1.315870891,-0.271
-7.5527194447,1.765
-0.541949021000001,0.264
1.3605560518,0.442
-0.6165273216,-0.356
-0.829668029799999,-1.167
-1.1250427056,-1.923
-5.2849022426,-1.032
-7.2075839587,-0.97
-3.0820530766,-1.082
-2.3814592327,1.524
-0.741973194,-1.862
0.7283860519,-0.126
-1.9419477577,-0.46
-3.7799504231,0.499
-1.1516164154,-1.037
-0.0806900781,0.79
-1.9337713473,-0.309
-3.9450693493,0.271
-0.2542982795,0.699
-2.839432847,1.254
1.4869333376,-3.48
-4.5006309336,0.216
-2.3766422164,0.378
3.5868319077,-0.775
-9.4953171337,-0.578
-0.767517664999998,0.221
-1.7508762782,0.665
-6.2958111417,0.996
-2.0348488157,0.891
-2.4131680923,0.398
0.261804574099999,0.535
-7.84779632,-1.508
1.0702563819,-1.991
-6.6419867828,-0.706
-0.413168092299998,-1.583
0.306723988399998,0.49
-1.4014862873,0.261
-8.3439054299,1.072
-3.9981305931,0.032
-0.1012240861,-0.378
-7.4018527791,2.826
-7.5006309336,2.047
0.248551607300001,2.304
-1.9981305931,0.091
-0.0657286712999987,0.551
-1.4238153366,0.323
2.2973252904,-0.68
-8.6079249468,0.069
-7.4018527791,-0.411
1.133846533,-0.046
-0.775738171800001,0.75
-2.1501336866,1.9
-2.7548594421,4.041
-1.4890301069,2.498
-7.6128404372,3.768
-7.670555935,-0.667
3.0297754035,-0.684
6.0625653386,0.318
-3.4131680923,-0.847
-6.7882075237,-0.962
0.486736072899999,2.981
-7.0130809345,0.247
-2.4131680924,0.427
-2.8282055916,-0.433
2.7383196608,-0.487
2.9159555039,0.532
2.2074183181,1.385
-0.8345939196,-0.494
-2.4131680923,7.271
-1.6058131703,0.903
-7.2711490875,1.168
-5.9830237007,-0.186
-2.7350961872,-1.422
-5.9050211887,2.93
-0.909151029,0.336
-8.2855864707,0.245
-4.5830930938,-0.068
-2.9766411702,2.053
-4.0180301506,1.751
-2.331424943,-0.124
4.7255959775,1.732
0.245794989799997,-1.009
0.780692227799999,-0.23
-8.5679862014,1.006
-0.4095110688,-0.622
3.3237975017,0.077
-6.8807736424,0.058
-4.320058688,0.624
-4.320058688,2.964
-1.4131680923,2.638
-2.339167511,0.709
-5.8054855151,0.109
5.5175692452,0.038
-0.6762024982,1.637
-0.4261403895,1.304
-1.9433261566,2.237
-0.476099348199998,-2.737
-2.4570709143,-0.85
0.3526905276,0.423
-4.0454363079,-0.41
-0.413168092299998,-1.256
2.7541691146,-0.289
-2.2111243164,2.136
-5.4266303522,0.757
-0.3778612237,-0.568
-1.50715505537,3.563
0.861588798499998,0.886
2.4799167037,0.406
-2.6385588418,1.528
-3.9552220017,-0.127
-4.5830930938,0.54
-8.2460581065,-0.458
-1.5100296317,-0.863
-0.204581470599997,-0.187
-1.0681780907,1.067
-7.1813524171,-0.558
-2.6012404406,1.759
-3.7730640374,1.401
-0.296975074899997,1.037
-5.3673644027,-2.464
-3.4131680923,-0.16
-2.4355359054,-0.929
-1.6852476378,0.38
-1.8492672071,0.757
-1.6302662141,-0.626
-8.4792572828,-0.68
0.753839425600001,0.689
-3.0128520988,1.625
-1.5447649752,0.917
1.4994437071,-0.29
-2.9081492263,-0.222
-1.1974394013,0.569
-2.5172910355,0.296
-8.84779632,0.326
-8.0425247124,0.096
-0.734083414299999,-0.723
1.2872716258,1.372
-2.5374962274,1.896
-1.114311507,0.201
5.8722341265,-0.23
-1.4972323572,-0.626
-7.7530180952,0.547
-2.6717011059,1.31
-0.902946171999998,0.812
-2.0549369487,-0.073
-2.567097164,1.006
-6.9523269035,-0.404
-1.6531188852,0.115
-4.5708977969,-0.574
-1.1593591518,-2.057
-2.61110747,-1.216
0.0500785000000015,-1.308
-1.6788520766,-1.147
-1.6162037783,-1.409
-8.9715888056,-0.35
-8.6985703112,0.788
-5.0348423715,-0.046
-5.5830930938,-0.418
-1.3543255183,1.472
0.429862561299998,1.047
-2.6610956058,-0.252
0.1344616237,0.598
2.6911685674,-0.272
-0.0261449693000024,-2.381
-2.7350961872,-4.745
-2.6645042195,-0.358
-2.8517411062,0.368
-5.3580265382,-0.331
-2.8844738113,0.484
-1.7240409988,0.722
-1.7636653395,-1.478
-4.1136078105,-0.694
-1.287356339,0.814
-0.413168092299998,-1.426
-1.4588601831,0.252
-1.2089687878,-0.612
-0.314158086500001,5.58
1.0973497157,0.99
-0.413168092299998,-0.365
-3.9825337381,-0.563
-5.5424511093,0.375
1.4067502911,0.977
-1.1983427796,2.637
-0.480912698999998,-0.723
-9.4873095551,-1.551
-0.316143638,-0.229
-0.6535663018,-0.875
-1.0320779251,-2.488
-1.6826287674,4.804
-1.8548906998,-1.159
-2.0583911179,0.708
-1.4717429186,-0.017
-0.254250081999999,0.722
-2.5434244784,11.29
-2.1136078105,2.078
-0.923920819299999,3.628
-1.2721740929,-0.086
-0.837622333000001,-0.282
-0.479839131999999,1.649
-0.905826488799999,4.465
-0.413168092299998,0.295
-2.5605505251,0.894
-6.839432847,0.339
-0.7465918261,0.088
-3.4131680923,1.271
-0.413168092299998,0.61
-4.6007950956,-1.341
1.0531499118,0.148
-3.4615311139,1.117
1.4035246942,-0.972
-8.2269492836,0.385
-7.9754105166,0.718
-3.872599711,-0.602
-3.1223635038,-0.466
0.383740042300001,0.086
-2.9860577609,0.16
-3.5830930938,0.486
-1.4321762072,0.582
-1.6528020656,-0.577
-1.4766632699,2.633
-6.6985703112,4.376
-3.2205230144,-0.404
-0.413168092299998,2.784
-1.4444642229,-0.639
-4.0790505885,5.95
-1.8991803101,1.691
-2.2740724827,-1.382
0.903356644000001,-0.147
-3.5830930938,2.554
3.0968895993,0.055
-6.3904480158,-0.015
-1.6269473834,-0.806
-4.0352199118,0.174
-1.7872559635,0.294
-0.937101159700001,-2.656
0.586831907700002,-0.297
-8.4075215292,0.38
-3.9981305931,2.718
-1.8069464723,1.614
-1.7192371102,-1.215
-1.3223360287,-0.647
-3.4278964296,-0.463
-2.3058500136,-0.643
-2.726107404,0.008
0.0185881379000001,0.52
-10.5295120536,-0.574
-1.4930676395,-0.984
-1.2586283917,4.146
-0.0366047408999997,2.248
-5.4131680923,0.182
4.0330881375,-0.117
-1.9870838696,-1.408
-2.6612888024,-0.243
-3.872599711,0.065
-0.967756943999998,0.713
-1.1175193223,1.818
1.4094356568,-0.385
-8.2460581065,0.255
-2.661619175,0.15
-0.346760148,0.54
-5.0570242822,0.484
0.0783675443000007,0.368
-3.1212411354,-0.461
-7.4018527791,4.385
-2.6355605137,-0.429
-6.7604203436,0.242
-2.8346318608,1.332
-1.325882877,-1.022
-4.7968723848,1.016
2.46750968871,-0.553
-1.6391660241,1.135
-0.532853465599999,0.493
-0.158710366299999,-2.028
-0.9607391433,0.4
0.694980711500001,-0.214
-2.0522072658,-0.699
-1.4307621524,-0.69
-1.8090042853,2.549
-1.4515491841,-1.167
-7.6419867828,-0.697
-1.9714132548,-0.714
-0.646965277000001,-0.303
0.0072829031000019,0.502
-0.578098707899999,-1.68
-1.6748225889,-1.239
-0.432192917999998,-0.469
-0.848815871299999,-1.596
-2.5037706411,-0.219
-1.0244709853,0.361
-2.6844701142,-0.997
1.0759343929,-0.795
-8.3478418445,-0.541
-0.0420739407000035,-1.032
-0.2452234551,-0.134
-1.2898336508,0.01
2.1402643933,-0.31
-0.791679715699999,0.107
-3.7632668599,0.089
-1.7273118426,-1.193
-2.9282733087,0.182
-6.6799546331,0.202
-3.3869024377,0.399
-1.0429557924,-0.596
-1.7592436587,-0.184
-2.5664143527,-1.04
-2.0912399975,0.062
-1.8147395241,0.985
-3.868659713,-0.743
-2.7350961872,-1.319
-1.5688894741,0.578
-1.9444427222,-0.309
-2.4131680924,-0.098
-1.9147145849,0.326
-5.1982702076,-0.137
-0.835714312399999,0.098
-2.0754726816,0.93
-2.6961994068,0.236
-7.0358855151,1.823
-1.7560558059,0.322
-3.261164999,1.083
-1.1850221438,0.796
-6.3858607464,-3.257
-2.5458652984,-3.352
-2.2321420977,-0.293
-1.2346441227,-1.079
-7.6029926512,1.626
-7.8140475286,0.699
-3.7643081085,-0.658
-6.0024179515,1.158
-0.029157488700001,1.292
-2.1111395549,1.027
-7.6274872131,-0.418
0.586831907700002,-0.279
-1.3935392856,0.31
-0.413168092299998,-0.081
1.4409810411,0.796
-0.413168092299998,-0.196
1.3711032165,-1.081
-2.0828532721,-0.937
-5.9523269035,-1.039
-1.3112884784,-1.748
-2.0346564692,-0.176
4.5868319077,-0.184
-8.5269102584,-2.364
-0.413168092299998,-0.315
-2.5043159805,0.006
-1.1382505779,-1.563
-1.4131680923,0.4
0.8644416529,-1.145
-6.2333470548,-0.339
-6.8929483564,-0.426
-2.7545565013,-0.008
0.3330753153,0.675
-3.810058245,-0.126
-0.2005911122,-1.311
-0.931327222499998,0.912
-0.795784114,-0.583
-1.2721915194,-1.322
1.3941868297,0.036
-3.0087308982,-0.987
-2.1311327246,-1.276
3.5965470624,-1.027
-3.1120656457,1.449
1.5934956379,-0.477
-0.413168092299998,-2.03
0.274667272,-0.838
-0.413168092299998,-0.102
-1.6833484127,-0.613
-2.1852161457,0.871
-0.4242063639,0.263
-0.413168092299998,-0.922
-1.3517675478,0.498
-8.5112001753,1.996
-0.413168092299998,1.158
-3.5830930938,0.108
-1.2271561068,0.812
0.0018694069000027,-0.513
-1.7972178992,-0.79
-3.622621458,5.353
-1.6861865868,-1.156
-0.6762024983,-2.266
0.1374429035,-1.13
-1.3015227366,0.276
-5.9050211887,0.467
-0.413168092299998,0.189
-1.9482994372,-1.222
-8.3556825977,0.7
-1.313079768,0.897
0.6507788244,-0.357
-0.699661471099999,0.171
-5.0368110613,0.24
-0.5144136049,-1.679
-2.8880770477,-3.3
-3.4330676498,-1.262
-6.2711490875,0.561
1.1412276921,-0.989
-8.748558447,-0.766
0.0167171712999998,-0.136
0.2934102404,-0.047
-8.2333470548,-1.383
0.0545646761,-1.587
0.586831907700002,0.762
-3.5830930938,0.277
-1.2188464366,-0.695
-2.2548234721,-0.819
-0.413168092299998,0.37
-0.413168092299998,-0.069
-6.2460581065,-0.151
-3.1816601921,0.698
-0.413168092299998,-0.314
-1.4840515785,-0.746
-1.9620613384,1.401
-1.4575622117,0.44
-0.745743431499999,6.843
-0.244770560700001,-0.44
-5.7299344822,-1.072
-0.7026747096,-1.403
-3.0877678056,-0.736
-4.0996686195,1.404
2.7567569091,-0.407
-3.67412817,-2.874
-0.0979658605999987,-0.596
-1.0053098187,0.006
-1.2163107631,-0.691
-2.2861792061,-1.283
-2.102934309,0.906
-3.2705636969,1.27
-2.8363795231,0.773
-3.7350961872,0.027
-0.9203868141,-4.181
-0.413168092299998,-0.072
-1.2176172832,-0.394
-0.971163545500001,0.087
-2.166898569,2.528
-2.6039334371,1.785
-1.6309216189,-1.071
-2.329277218,-1.375
-2.9981305931,-1.17
-0.3292520421,-0.097
-5.5424511093,-0.597
-7.2075839587,-0.856
-9.2492184474,-0.989
-4.872599711,0.174
-2.0218596649,-0.075
-4.3784026743,2.83
1.4613010255,0.191
-4.1166872035,0.294
-1.5373658202,-1.512
0.0502324284999993,0.845
1.2319891903,-1.021
1.7010890869,-0.558
-9.9715888056,-1.138
3.1717944084,-0.911
-0.413168092299998,-0.201
-1.2662106525,-1.723
-2.0958065242,1.938
-9.7596818255,0.572
-5.5424511093,-0.416
-6.2205230144,1.905
0.0703491448000015,-0.929
-7.3079858557,1.567
-1.6932760116,1.65
-8.4131680923,0.827
0.186293978000002,-0.46
-9.0278779365,-0.578
-3.2205230144,0.424
-0.998130593100001,-0.561
-4.5006309336,0.331
-0.0639326515000001,-1.153
-1.5233510101,1.05
0.845566176000002,-1.085
-0.413168092299998,2.106
-9.0749461901,1.586
-6.1136078105,-0.939
-5.622621458,0.097
-0.692322163599997,-0.468
1.1941622214,-0.628
-0.751891429800001,0.893
-1.9079327841,-0.237
-6.6985703112,-0.906
-7.4243953478,-0.773
-2.7350961872,0.117
-3.4131680923,0.285
-1.4378301466,0.279
-0.413168092299998,1.711
-1.279554864,-0.24
-0.413168092299998,1.656
-5.3479254815,-0.154
-1.4567158081,-0.558
-7.2075839587,0.097
-7.5930771824,0.138
-8.4630166418,-1.019
-1.4131680923,-0.153
-2.9968510409,0.336
-0.193999571900001,-0.093
-6.9523269035,-0.523
-8.42997638,2.667
-0.524100083200001,3.269
-6.0855934343,-5.141
-1.8912153892,-1.209
1.4726608877,-1.221
-9.39330767,-1.303
-3.4131680923,0.437
-0.413168092299998,-0.183
-0.966560514100001,-1.011
-5.5006309336,3.395
-6.3439054299,1.351
-7.0570242821,2.128
-6.1680555945,0.781
-2.6979830142,1.3
-1.4767332212,-0.788
-6.9523269035,-0.021
-1.9651532707,-0.605
-3.1921412131,0.329
-6.1945278059,0.172
-7.1680555945,1.745
-6.5830930938,7.039
-5.1680555945,1.331
-4.6963926579,0.186
-1.1701251617,-0.218
-3.5424511093,-0.112
-2.320058688,-0.104
-1.7011488553,-0.555
-0.459523727999999,-0.793
-0.517504752199999,0.166
-6.9367300484,2.295
-2.4131680923,0.636
-6.4131680924,1.729
1.7753725873,0.502
-3.8255511382,1.032
-9.7008804719,0.954
-3.5409236396,1.42
-1.9981305931,0.43
-0.413168092299998,0.974
-0.413168092299998,-4.249
-4.1136078105,3.829
0.118398151400001,-0.928
-4.320058688,-0.139
2.1173466243,-0.2
-0.565767217699998,-0.708
-1.7616903973,1.924
-6.2728064053,3.087
-0.168545723699999,0.154
-2.8019071048,0.085
3.3807663139,-2.547
-6.1680555945,-0.577
-4.7205966176,-0.225
5.3550162324,-0.593
0.416906906200001,0.263
-10.342426501,-0.559
-1.4008533077,-0.267
-9.4711598151,0.311
-1.4131680923,-0.709
-8.4684505278,-2.15
-8.84779632,-0.164
1.2690916097,-0.209
-2.9606558877,-0.431
0.586831907600001,0.372
-1.3240275902,-0.416
-0.00957412650000045,-1.197
-0.413168092299998,-1.314
5.156687516,-1.11
0.586831907600001,-0.109
-7.8889015233,-0.223
-6.5006309336,-0.648
-0.413168092299998,-0.05
-1.3916203117,0.774
1.0201547599,-1.008
-1.8405893161,0.219
4.6742947489,-0.462
-3.4131680923,-0.634
-1.6389751781,-0.311
-1.3118847565,-2.064
0.171794408300002,0.526
0.979149330400002,1.269
0.589343126800001,1.158
-0.923836810800001,1.112
0.882415007300001,-2.254
1.8802535748,-1.175
1.9280655253,-1.756
-0.413168092299998,-3.206
-0.413168092299998,-0.042
-5.723023355,0.659
-5.5006309336,-0.443
-7.0855934343,-0.568
-6.1410885469,1.248
-6.4355359054,-0.496
-7.473864024,-0.488
-6.4355359054,2.791
-2.4131680923,2.283
-6.622621458,-1.577
-2.7758978237,-3.127
-5.6985703112,-2.328
-7.1410885469,-1.43
-0.822423239100001,0.06
1.5267653391,-0.293
-5.5147061188,0.331
-2.1800709707,-0.755
1.0359626055,-0.649
-5.622621458,-0.523
4.2057417403,0.512
1.3892319477,-0.911
-0.476826729600003,0.723
-5.84779632,-0.13
-0.413168092299998,-0.326
-1.4131680923,0.528
-1.9492209926,0.465
-0.5949023961,-2.578
-0.413168092299998,-1.552
-7.3904480158,-0.546
-5.9050211887,1.455
3.2951768238,1.203
-7.9050211887,2.457
-3.6998453401,2.558
1.6621200349,0.911
-2.4302416058,0.449
2.4093732335,1.308
-1.5930771824,-0.184
-2.7350961872,-0.425
1.9087600025,1.845
-0.8282055916,1.301
-9.12741361,-0.204
-0.7350961872,1.295
-6.3439054299,-1.156
-5.0130809345,0.212
-4.7589429292,0.863
-0.314813020400001,0.806
-1.2108599171,0.6
-0.841261744499999,1.188
-8.8766924656,0.227
-0.413168092299998,0.426
-1.2143178649,-0.098
-1.6642005618,3.65
0.160298769499999,2.804
-1.1847104431,-0.044
-0.9662465321,-0.492
-1.4928952849,1.92
-5.2205230144,1.768
-1.5942336514,0.661
-0.105739567200001,1.278
-4.469436312,-0.782
-2.4131680923,0.419
-2.35983859,-0.521
-4.8912153892,-0.652
-1.0805927533,-0.323
-4.872599711,0.147
0.274887901300001,1.071
-1.1489408837,-0.337
-4.2838850754,2.247
-0.3491874664,-0.063
-2.2706926107,0.508
-2.9981305931,-1.089
-1.4792572828,0.857
-6.1258861403,0.699
1.4493283838,-0.685
-7.7440849705,-1.147
-6.9981305931,-0.552
-7.872599711,1.612
-6.3360002318,2.322
-0.528645309800002,-0.407
1.251964757,0.121
-2.065244789,0.022
-7.0570242821,0.447
-1.5821662097,-0.124
-2.224134268,-0.33
-7.1410885469,-2.393
-1.9981305931,-3.168
-0.583093093799999,-2.994
-5.1074292356,-0.474
-5.4131680923,-2.062
-4.5651711858,-0.081
0.908760002499999,0.104
-9.6347552136,-0.077
-6.9830237007,-0.225
-5.8225590285,-0.367
-0.413168092299998,0.65
0.429592165800001,-0.581
-4.872599711,0.871
-0.413168092299998,0.587
0.9758741984,0.654
-0.852239283899999,0.133
-1.0066926066,0.202
1.1647049835,0.719
-4.4131680923,-0.456
1.0326316606,0.91
-1.4131680923,0.915
-2.0328316842,-1.779
-0.413168092299998,0.092
-0.150133686500002,1.055
-7.670555935,1.626
-3.0630572298,-0.826
-0.413168092299998,-1.096
-1.7082348471,1.489
-1.5391977454,1.517
-6.2711490875,-0.734
0.809224328900001,2.005
-1.5062774967,0.332
-2.0954277945,0.65
3.0462635263,0.281
-2.3766422164,-0.542
-2.7312092652,-1.085
-0.413168092299998,0.394
-0.413168092299998,0.365
-0.413168092299998,-0.37
-0.413168092299998,-2.04
-0.5924341405,1.653
-7.679954633,0.971
-0.413168092299998,1.331
-4.872599711,-2.814
-0.413168092299998,-0.559
-0.8444509219,-0.031
-1.7730640374,-1.149
-5.2205230144,-2.328
-7.4131680923,-1.225
-1.9981305931,-0.211
1.64951744978,0.322
0.206983836800003,0.974
-6.6985703112,0.301
1.2161885277,-0.478
-4.320058688,-0.215
-7.4792572828,0.97
-0.489116945599999,-1.676
-7.2333470548,-1.699
-2.6541761919,0.228
-2.9981305931,0.236
-1.5162615854,0.355
0.1982666197,-0.336
3.5073974401,-0.577
1.8092243289,-1.149
-3.4131680923,-0.97
-0.413168092299998,-0.994
-4.2632726619,-0.536
0.1382418486,0.843
-0.413168092299998,0.377
1.8255044989,-0.494
-5.3673644027,0.023
-0.297690875000001,-3.589
1.4667232415,1.921
-4.5830930938,1.575
-3.7895439713,0.344
-0.0426770321000003,0.597
-2.4871686738,-0.374
-0.413168092299998,0.17
-2.5286453098,0.637
1.1717944084,1.169
-0.758664658399997,-1.01
-5.1136078105,0.49
-5.4575622117,0.541
-0.255626815399999,0.67
-0.166007765900002,0.483
-1.1913563493,-0.909
-1.2780085091,-0.841
-0.367364402699998,1.275
-1.1501336865,-0.239
0.9404688622,-0.035
1.5619142754,1.31
-6.967756944,1.456
-2.6355605137,-0.056
-6.7530180952,0.566
-2.6256177105,0.425
-3.7350961872,-0.708
-5.5424511093,0.152
-2.4761778899,0.35
-1.106906939,0.456
-9.6201824125,0.332
-1.7086239759,-1.228
-1.2450453336,0.972
-6.1680555945,-0.884
-3.2771065429,-0.966
-2.3169527772,2.462
1.5197177118,-0.773
-0.266326704000001,0.4
-1.5029227451,0.193
-1.6709658499,0.317
-6.2205230144,-0.29
-0.350704005500003,-0.211
-7.473864024,0.305
-0.911418960000002,-0.567
-3.7350961872,0.573
-0.9259808074,0.589
-0.8153919059,2.407
-8.2397165796,1.173
-7.0278779365,1.988
-0.531881867600001,0.228
-5.1501336866,-1.165
-6.770720097,-0.214
-8.2172991135,-0.221
-3.782401902,3.671
-5.1945278059,3.582
1.511424505,3.19
-3.3453527081,-0.837
-6.0855934343,-0.402
-0.462750121300001,-1.602
-0.980059020199999,-2.737
-0.918403400700001,-0.252
-9.4438352286,1.952
-6.679954633,-3.637
-1.7200068512,-1.445
-3.665086466,-0.939
-1.1267727446,-0.68
-9.6658335248,0.696
-1.3395452293,1.294
-1.3055591183,-0.436
-0.377248518200002,-1.221
0.678163037699999,-2.76
-1.0570242821,-3.055
2.1586190195,-0.763
-1.9797733235,-0.439
-2.1774542926,0.629
-0.706558144099999,0.473
-1.2365977773,-0.206
-6.2958111417,-1.155
-3.158307618,-1.076
-6.7530180952,0.144
-0.1447705018,-0.463
-2.2747846082,-0.289
-1.4294699047,0.175
-0.7141972939,-0.83
-6.1410885469,-1.084
-0.413168092299998,-0.404
-0.413168092299998,0.179
-0.413168092299998,-0.404
0.8274865354,3.523
3.0641536852,0.3
-1.8918542681,0.045
4.4448129027,1.799
-6.6752629377,-1.371
-5.6610956058,-0.697
4.7161149246,-1.275
-0.413168092299998,-0.747
-0.6754647354,-1.2
-9.6869636916,-0.727
2.9266819105,-0.617
-8.2010706517,-1.894
-8.5980434353,-0.612
-0.180507335600002,0.169
-8.0570242821,0.146
-3.1654253385,-0.017
-7.2711490875,-1.73
-6.0570242821,-1.948
-2.3673644028,0.223
-2.2741428529,-0.517
-3.9847100773,1.258
-1.6448457914,-0.59
-8.0855934343,-1.559
-2.4367315642,-1.345
-8.0926481918,-0.34
-0.413168092299998,-0.246
-5.1680555945,-0.553
0.669294067799999,0.095
-0.413168092399999,0.42
-3.277354237,-0.762
-5.8140475286,-0.389
-1.9667664222,-2.123
-8.9868152798,-1.31
-1.8716822579,-1.343
-3.2766660925,-1.612
1.088653173,1.043
0.647562255200001,-0.581
-2.2887207215,-1.27
-0.3470011684,-0.419
-7.5527194447,-0.52
0.994579371,1.108
1.3764121279,1.143
-3.7854012692,0.475
-5.1832419983,2.36
-1.69165601889,-0.678
0.0788127269000007,-0.626
0.2500671132,-0.02
-3.4131680923,3.588
-6.9209627325,0.984
-0.8958625417,1.305
-0.413168092299998,-0.447
-5.8561115882,-1.043
-2.0090189092,-0.261
-7.6029926512,4.198
-0.726051047599999,0.269
-8.2140679923,0.753
-5.9981305931,-0.184
-3.5235920821,0.102
-4.1136078105,-0.141
-7.7618962466,0.35
-3.872599711,-4.317
-4.8054855151,-0.962
-7.5527194447,-0.002
-7.2333470548,-0.668
-7.6029926512,-1.054
-3.7350961872,-0.353
-5.8054855151,1.17
-6.5830930938,0.941
-7.770720097,0.136
-5.2205230144,-0.052
-0.998130593100001,0.614
-1.4131680923,-1.561
-1.9673245463,-3.174
-1.6749430524,-3.642
-6.9830237007,0.386
-0.979514914899999,-0.108
-0.413168092299998,2.079
0.2868928165,-0.532
-5.1680555945,0.122
-8.3904480158,-0.136
8.3383759667,1.462
-1.4131680923,0.211
-0.413168092299998,-0.956
-3.5600094807,-0.195
-7.1813524171,-1.021
0.203503267999999,-0.398
1.9714957578,-0.973
-3.6861865868,1.452
-2.2341979513,2.134
-6.2460581065,0.073
-3.9531431384,0.407
-3.4131680923,0.408
-5.6190723909,0.005
-1.2648453454,1.234
2.7418374892,2.85
2.541028218,0.401
-1.5068271996,-0.353
1.5974791518,0.669
-0.2832094983,-0.236
-3.874820951,-0.095
-6.1410885469,-0.914
-2.4051753017,0.247
-6.5741599691,-0.444
-6.1680555945,0.243
-3.5006309336,0.494
-5.0278779365,0.717
-0.413168092299998,0.514
0.1185143257,1.429
-5.3247050529,-0.559
-0.8466267884,0.681
-4.5006309336,-0.232
-1.6007950956,-0.773
-0.526824874199999,0.843
-0.413168092299998,-0.371
-0.413168092299998,-1.173
-2.7350961872,-1.151
-1.5634783331,-1.349
-0.259471552699999,-1.691
-1.3217450647,-0.499
-7.1945278059,0.172
2.4613010255,0.705
-4.4131680923,-1.033
-3.967756944,-0.786
-3.2295870969,-0.363
-1.4131680923,0.168
-8.277354237,0.984
2.9247015463,0.388
-2.7350961872,-0.861
-3.7350961872,2.055
-4.2205230144,0.525
-7.4792572828,0.505
-6.4131680923,0.63
-8.6892924976,-0.511
-4.9227231905,1.754
-3.7998433686,0.859
-4.3079858557,0.897
0.283439764099999,0.082
-3.4500048606,2.085
0.823208558399999,1.812
-0.303543601199999,3.602
-0.413168092299998,-2.001
1.5868319076,0.42
-7.1410885469,0.155
-3.5830930938,-0.345
-0.413168092299998,-1.171
-0.7350961872,-1.539
-2.3253921323,-2.872
-2.4131680923,-0.299
-2.4131680923,-0.321
-5.2205230144,0.412
-5.1136078105,2.5
-9.4684505278,0.624
-0.413168092299998,-0.238
-1.2662961071,0.342
-4.8054855151,0.39
-0.413168092299998,0.665
-6.9050211887,0.163
-1.9981305931,1.342
-1.1955766574,-0.042
0.973507183800001,0.089
-2.3598698663,1.401
7.8582949356,-0.133
-3.7059498417,1.062
-10.0000078803,0.139
-6.7169488405,-0.075
2.0462635262,-0.281
3.8984180583,-1.17
-2.2706140624,0.376
-2.158023626,-1.038
-0.533797797499998,0.093
-0.506579031999999,0.267
-2.0416322317,0.985
-7.5930771824,-0.363
-1.2312432899,-1.31
-2.2914895358,-1.323
-7.6610956058,1.335
-4.7392122957,0.357
-3.7350961872,0.052
-0.413168092299998,-0.404
-7.5629152118,0.204
-7.6128404372,0.805
-0.413168092299998,0.963
-7.6419867828,0.509
-2.4902443154,-0.545
-4.8561115882,-0.228
-7.4575622117,0.4
-0.413168092299998,0.403
-2.6775086957,0.446
-2.614186863,2.001
-0.413168092299998,-0.587
-3.6058131704,0.238
-2.246518223,0.021
-2.2800240262,4.002
-5.7350961872,3.05
-0.3827944433,1.099
-0.413168092299998,6.101
-4.4131680923,-0.02
-1.3083257265,-0.433
-0.381648769,-0.83
-2.872599711,1.975
0.530649072199999,0.687
-8.3439054299,1.823
-0.0227300162000006,0.114
-4.2205230144,0.638
-2.9151412284,0.061
-7.2711490875,1.881
1.3193515967,0.405
-6.9830237007,0.702
-4.102999711,2.279
-7.2205230144,-0.14
-2.8394328471,-1.845
-4.2511113343,-0.528
-7.6419867828,3.301
-0.478263120600001,-1.074
-0.413168092299998,0.86
-7.6515728317,0.332
0.379389827699999,0.35
-5.3673644027,-0.607
-4.5006309336,-0.05
-2.4131680923,0.375
-1.2762862859,0.024
-1.6494943196,-2.42
-0.413168092299998,0.115
-4.0510421241,0.11
0.00758305809999982,1.349
-2.0091435858,-0.345
-1.1509820812,0.207
0.378933524099999,0.511
0.988712503699999,-1.141
-2.1028279718,-0.048
-6.872599711,0.162
-4.5006309336,0.11
-0.7862977434,0.408
-7.0713795751,0.616
-7.2333470548,0.405
-1.8282055916,0.343
-0.346053896499999,0.402
-0.589325047599999,-0.51
-9.672911356,-1.316
-1.5934946893,-0.853
-4.0399507688,-1.674
-0.703800056800001,-0.935
0.720968580300001,-0.037
-0.413168092299998,0.876
-2.4881951378,-0.232
-8.3904480158,-0.524
-6.5830930938,0.293
-3.4952038613,-0.615
-0.8513715762,0.947
-7.4465910939,2.216
-0.413168092299998,2.753
1.3360238041,-1.699
0.0729525049999999,-0.069
-2.9156684329,0.352
-6.839432847,2.21
-4.4131680924,2.774
-1.4131680923,4.772
-1.2205230145,1.212
-4.6308069838,-2.294
-9.5654529346,-1.545
-9.1680555945,-0.997
3.6742947489,-0.243
-9.9425986465,-0.633
-1.5334623261,-1.553
-5.872599711,-0.618
-9.3644528073,0.054
-1.3285903216,0.002
-0.413168092299998,-1.18
4.0679585973,0.463
-1.8680700525,0.645
-0.3252610033,-0.463
0.523779737099998,-0.778
0.180495023699999,-0.884
-2.1457552461,-1.998
1.7499032381,-1.345
-0.413168092299998,1.017
-4.9336670005,-1.272
0.6113009032,0.032
-6.5629152118,0.319
-1.4576992524,0.671
-5.5830930938,-0.662
0.834424883100001,0.918
-9.5295120536,0.877
-0.413168092299998,-0.605
-1.2369060209,-0.544
-2.2378010059,-2.598
-2.7844238997,-0.444
-7.9981305931,2.113
-5.6610956058,-0.024
1.5302483792,0.126
1.6006377071,-2.004
-1.512703766,-0.919
2.3468811149,0.964
-4.452409724,1.702
0.4399273747,0.009
-1.2205230144,2.264
-2.7350961872,-0.653
-1.3869841606,-0.262
-1.6382346481,1.483
-5.6985703112,1.96
-2.1534088186,0.451
-7.3079858557,1.189
-6.4131680923,1.574
-7.4684505278,0.716
1.631226027,0.284
-3.4131680923,0.419
-3.5830930938,-0.419
1.9536142383,0.521
-3.4816478303,-0.701
-0.413168092299998,-0.358
-0.789867772300001,-0.564
-0.6223812424,-1.465
0.518444932600001,2.144
-7.7260510476,0.363
-5.3925283263,0.896
-0.0505980130000019,-0.097
-8.5880937748,2.296
-3.9156684329,-0.381
-6.6029926512,0.296
-0.453810076899998,1.867
-0.413168092399999,0.135
-5.9981305931,-1.345
4.9087600025,0.068
-10.3155432068,0.834
-0.413168092299998,-0.159
-4.4131680923,-0.279
-6.622621458,0.685
-2.7929402618,0.563
-0.775738171800001,0.794
-0.0603790337999985,2.178
1.1101125543,-0.376
-9.2301517156,0.352
4.0130966624,0.387
-9.1478777126,0.352
-5.5424511093,-0.834
-2.6671735325,-1.2
-0.413168092400003,-1.708
-8.4630166418,-0.866
-5.4575622117,-3.094
-6.2958111417,-1.027
-0.413168092299998,0.516
-4.4355359054,2.64
-2.2274535084,-0.173
0.886817449600001,0.121
-0.413168092299998,0.495
-0.413168092299998,1.078
-3.9390513604,-1.41
-4.7350961872,0.232
0.398759559400002,0.182
0.238908604100001,-0.575
-5.7934126829,-1.861
-4.8054855151,0.896
-5.6985703112,0.438
-0.413168092299998,0.335
-2.442512054,-0.182
-5.1136078105,0.047
-5.3673644027,1.533
-1.4131680924,0.502
-9.4327588207,0.567
-0.413168092299998,-0.189
-3.4131680923,1.182
-2.6199483147,1.423
-6.2711490875,-0.001
-0.5617279979,0.301
-8.0056251296,1.274
-6.8889015233,-0.752
-2.7757381718,0.124
-1.4429154358,1.068
-2.3162210018,1.198
-0.900833391800001,1.175
-0.788485162599999,-0.612
-0.413168092299998,-0.25
-7.4575622117,0.594
-0.898594919600001,0.241
-4.5006309336,0.763
-3.557214462,-0.198
-1.3463499858,-0.352
-5.5006309336,-0.431
-6.320058688,0.245
-0.788535446300001,-2.937
-4.4483827849,0.074
-4.4483827849,-0.521
-5.5830930938,1.587
-8.396161667,0.958
-2.0053440833,-0.397
-1.349037755,1.319
-5.1371946308,1.038
-4.3642584919,0.761
-2.1563926771,-0.631
-1.3697754969,-1.229
-3.4575622117,-0.466
-0.150133686500002,-0.036
0.0018694069000027,-0.044
-0.171410346199998,1.715
-2.8787665479,1.203
-7.1813524171,0.689
-2.4029240609,-0.88
-3.1423016968,1.491
-5.4131680923,1.255
-0.709058326399997,1.591
-1.7978319426,1.179
-6.7169488405,0.292
-2.5178933221,-0.768
0.2498867771,2.824
-0.802734904199998,-0.095
-1.6629832092,-0.261
-4.6355605137,1.064
-3.1262869446,-0.428
-8.6610956058,-0.656
-1.4701990375,0.155
1.2087209773,0.547
-4.1136078105,0.884
-0.3899250918,0.435
-2.8245943381,-0.885
0.207094544999999,1.496
0.419375161800002,0.871
-6.4131680923,1.411
-0.413168092299998,-1.098
-1.9981305931,-0.404
-1.4131680923,-1.023
-6.9981305931,-0.745
-0.884919982700001,1.335
-0.1136078105,0.738
1.5092355026,2.701
-7.8310206072,0.507
-7.0425247124,0.467
-5.872599711,0.566
-5.1680555945,0.155
-0.2869503762,-0.463
-7.967756944,1.57
-8.9600625522,-0.852
-7.4684505278,-0.489
-2.7350961872,2.631
-7.2205230144,-1.919
-0.413168092299998,0.775
-5.2020029265,2.104
-4.5830930938,0.464
0.9653435309,3.164
-2.9981305931,0.727
-0.413168092299998,0.225
-1.7222721469,0.627
-1.1771007342,2.482
-3.5195839383,-0.766
0.5073974401,-0.762
2.332051603,-0.737
-6.5424511093,0.379
-4.6610956058,-0.333
-1.8844738113,-0.927
-3.1573291879,0.947
-2.4916171901,-0.369
-4.7350961872,0.297
-6.3039390226,-0.589
-0.6925203442,1.117
-0.413168092399999,1.195
-4.2205230144,-2.302
-3.3679388384,0.313
-2.2422180856,1.008
-7.0130809345,2.086
-0.0542736712000007,-0.872
0.0893322480999998,0.47
-0.8239561187,-0.027
-1.6029926512,-0.308
-9.0606265188,-0.594
-1.3817551397,0.541
-4.9367300484,-0.679
-1.1344520643,1.483
-2.0716596286,-0.546
-3.4884562197,-1.876
1.7616063087,1.876
0.0018694069000027,-0.457
1.3837400423,1.391
-1.2876372103,2.466
-4.6271482739,-0.82
-2.7206691167,-0.496
-1.1961278603,-1.538
-3.1501336866,2.696
-0.5534259782,3.692
-7.7794903066,0.637
-0.00477590679999906,-0.21
-2.6678459459,-1.038
-1.9878182187,-0.08
0.501267432900001,0.647
2.0586726119,1.397
-9.3379805959,-0.556
-0.408749421200001,-1.521
-2.4114495752,-1.677
-2.909249312,1.36
-3.2803944704,0.05
-2.0225147517,2.795
1.7798867839,0.483
-0.413168092299998,0.262
0.184072738100001,-1.559
-1.1071113901,-1.851
-2.9422849454,2.793
-10.1256950928,0.352
-3.1271331756,-2.138
-0.7424757177,-3.343
-0.840589316100001,-1.061
-0.6376408241,0.614
-8.3260574286,0.19
-1.2026011065,0.856
1.7278442171,0.95
-0.7350961872,-0.32
-5.7307177468,0.652
-0.661723001,1.094
-0.2726294447,-0.977
-8.4684505278,2.543
-4.2460581065,0.928
-0.599453005499999,4.772
0.4734058463,1.202
-0.413168092299998,0.046
-1.0668099587,0.244
-7.1136078105,-1.843
-1.2572971815,-1.618
-0.0652447889999994,-1.573
-1.3447811174,0.527
-4.4243953478,0.697
-8.1747193248,-0.831
-3.1716824111,-0.364
-3.2205230144,0.683
1.7505783341,-0.029
-4.872599711,0.439
-1.6731684381,-1.068
-6.6144752193,1.3
-1.1230050334,-0.559
1.1922960352,-0.385
1.0949463295,-0.633
1.1032194111,-4.367
-0.413168092299998,-0.879
-0.413168092299998,-0.082
-0.4798684936,0.69
0.9325339711,0.849
-1.7579965894,1.821
-8.9830237007,0.27
-2.5879424935,-0.964
-2.3257052511,-0.412
-2.4150356591,-2.99
-9.1066550498,-2.625
-2.4131680923,-1.086
-4.0761331051,2.673
-3.7350961872,-1.007
-0.413168092299998,-0.029
-2.022940166,-0.656
-3.5741599691,-6.747
1.9218161553,-1.09
-2.4637941654,-0.201
-5.5830930938,-0.084
-3.1585952653,-0.217
-2.9574886086,-0.42
-4.7870482669,-1.978
-7.12741361,-1.794
-2.0820823715,0.537
-0.413168092299998,-0.5
0.327785603999999,-1.509
-0.413168092299998,0.223
1.2359247457,0.163
0.354171150899997,-1.559
1.8669398268,-0.392
-1.9911945459,-0.556
-0.4327968992,1.153
0.614846283800002,0.243
-4.6610956058,-0.933
-2.3721054357,-0.144
-1.9981305931,0.422
-4.8054855151,4.784
0.0997167302999991,0.895
-2.240987117,0.601
5.5924564568,-0.07
3.6286520833,-1.18
-0.5361041985,2.871
-0.0947569295000008,-0.123
-1.2744618215,1.007
-7.4792572828,2.954
-2.5286453098,-0.999
-0.831629982199999,-1.541
-3.9981305931,0.807
-5.2443697564,-1.099
-1.0357137759,-0.874
-2.9981305931,0.11
-8.5321091651,-0.529
-1.9277412652,-0.529
1.0179292578,-0.581
-3.2662522443,-0.756
0.6046652007,-0.529
-3.8054855151,-0.54
-0.935943078299999,0.303
-0.3805429448,1.656
-1.7119302027,0.607
-1.5251575287,-1.503
-0.7312384401,-1.471
-0.7330675555,0.201
-0.903850645,-0.424
-1.8443745286,-0.697
-1.8077485667,-0.63
-0.7819279082,1.475
8.8108335818,-0.069
-4.3600743668,0.394
-1.4772466322,-0.01
-5.320058688,0.505
-0.5139543414,-0.255
-1.4426979692,0.85
-2.1405833329,1.452
-0.707337147899999,-1.488
-0.839538682499999,0.217
-0.235798278799999,1.713
-1.4319046549,0.505
-0.2259981446,1.337
4.3417194098,0.293
-3.9195207584,1.929
-1.4671365757,0.423
-6.6658335248,0.983
-0.480662946500001,4.381
0.2949934732,-0.038
-0.413168092299998,-0.649
-0.413168092299998,2.051
-1.3247670872,-0.193
-0.453652757800001,-0.842
-0.775738171800001,0.532
2.6437169711,0.764
-7.9209627325,0.224
-2.5541804019,7.101
-2.3570735304,4.342
-8.9090231192,-0.294
-2.2626764658,-0.205
-7.1945278059,1.659
-1.6947384496,0.676
-1.5394144196,-0.365
-7.1680555945,0.155
-0.832822219800001,0.497
-10.948443469,-0.376
-2.967756944,-0.418
-0.915668432900002,-0.666
-0.2711490875,0.954
-1.9296508552,1.035
-0.551923567500001,0.432
-1.6697330029,-1.137
-4.9860577608,2.996
-0.308637508899999,0.807
-0.911840638099999,2.659
-1.0718609817,-0.032
-0.220523014399998,-0.434
-0.705307723299999,-1.158
-0.413168092299998,4.374
-2.7350961872,0.374
-3.2124707422,0.616
-0.858579240799999,0.647
-7.4243953478,0.311
-0.930130492999998,3.392
-1.1540276027,1.197
-3.4835574203,-0.061
-1.2643047065,-0.259
-3.6332165732,0.811
1.9480194329,0.488
-7.6029926512,-0.573
-2.9788622594,-0.009
-1.4641192799,0.306
-2.9189287621,0.648
-4.4787990662,-0.026
-2.2166290984,0.75
-0.194987922399999,0.98
-1.4847213534,0.821
-1.4131680923,1.137
-1.4956302526,2.197
-1.1387738244,0.047
-1.8522797266,-3.131
2.7567569091,0.147
-3.7254460172,-0.604
-1.2778162395,0.107
-5.3311138765,-0.706
-4.0732097099,-2.145
-5.320058688,-0.771
2.1717944083,-0.242
-8.3498060313,0.058
-1.6634914465,-1.271
-1.1971779251,-1.716
1.4169069062,1.278
-4.9085790081,-0.768
-4.7788175647,1.194
-3.5409236396,-0.584
-2.4532455317,1.94
-6.7882075237,1.218
-8.1613609419,4.266
-2.1787028388,0.548
-0.7328577151,-1.257
-1.8130986993,-1.045
-1.5707093694,-0.534
-4.9367300484,0.333
-0.413168092299998,-1.092
-0.451135942600001,-0.1
-5.5216925491,0.42
-7.2460581065,4.573
-3.5022312611,6.514
4.1386275444,-1.04
-4.0356052985,0.017
1.616579251,0.256
-7.674322765,-0.416
-2.5918103109,-0.289
-4.0693375436,-1.811
-6.622621458,-0.328
-2.520339616,0.648
-9.1308445154,0.92
-1.2678287292,0.602
-1.7571224936,2.658
-0.0314366798000005,1.179
1.0128048846,-0.221
-1.309688151,-1.244
-0.413168092299998,1.456
-1.9084696675,3.568
-3.0570242821,-0.657
-5.1680555945,0.829
0.4748542554,-0.521
0.397259663699998,-0.331
-6.9820109277,-0.425
-2.5092646819,-1.494
-2.0821948579,-0.608
-1.4200666096,-0.765
-0.6710774661,-0.5
-3.1441098989,0.185
0.0260063126999981,1.355
-8.3379805959,1.618
-2.1985340107,-0.736
-2.2446623681,-0.701
-2.8713500834,1.088
-6.622621458,-1.937
-1.9122698565,-0.052
-0.534563199899999,0.735
-1.5844863291,-1.335
-2.0785743729,1.575
-3.664393196,0.173
-2.4220099692,0.317
0.2731436522,-0.504
-3.9981305931,1.348
-3.0966944276,-0.654
-0.9408150773,0.826
-1.1305362492,1.124
-2.7383937773,0.887
-1.0570242821,0.601
-6.839432847,-1.701
-8.2010706517,-0.529
-1.723508213,-0.441
-6.3673644027,-0.653
-2.5704298586,-0.395
-1.8950920715,-1.275
-0.939440832999999,-0.604
-7.0278779365,-2.437
-0.584229521700001,-1.227
-0.413168092299998,-0.545
-0.356406442599999,0.279
-0.221460945999999,-1.706
-1.8788316647,-1.682
-9.3468587473,-0.371
-4.214225776,1.229
-3.6177392366,-0.783
-0.939658190299999,-1.016
-3.6371697665,-2.328
-2.9981305931,0.233
1.1913699467,-1.605
-2.7350961872,-0.958
1.371663813,0.38
-3.0021492449,-1.41
-5.6985703112,0.799
-0.0537652920999996,1.159
-9.454827244,0.401
4.4558258954,-0.471
0.836886767299999,-0.235
5.631226027,0.593
-8.9905969204,1.128
-1.4183297975,-0.267
-3.4131680923,-0.759
-3.0406552098,-0.354
-0.611852086799999,1.218
-2.7127283742,0.5
-5.1136078105,0.053
-0.413168092299998,-0.593
-2.2876372103,0.831
-2.3062528885,-0.245
-1.4752735943,-0.473
-1.7147177339,1.62
-2.3742324299,-0.03
0.701435029300001,0.132
-7.3079858557,3.647
-6.3439054299,0.167
-2.5305250431,-1.276
-0.2201288893,-0.266
0.5023715545,0.338
-6.8561115882,-0.403
-1.4903752929,-1.004
-1.7470688289,0.59
-1.6700763955,-0.011
-0.906351363200001,0.818
-0.9145464406,-0.789
-4.5692872943,-3.768
-8.0425247124,0.577
-0.272094559099999,-0.694
-3.512703766,0.717
4.9087600025,1.27
-0.243243090899998,-0.536
-1.3723909545,-1.411
-2.3093322814,0.478
0.317040135599999,-0.262
-1.8864852373,-0.41
-2.622621458,0.607
-3.5830930938,-0.582
-0.413168092299998,-0.589
-4.1136078105,0.784
-0.413168092299998,0.492
-1.4131680923,0.29
-2.8185811728,0.206
-8.3439054299,0.096
0.309722316600002,0.974
1.0018694069,0.947
-1.4918323694,-0.764
-7.7332916905,0.074
-1.2440102779,1.008
-3.872599711,-0.035
0.1487107952,-0.004
-1.494239703,1.993
-1.066517568,-0.782
-0.0255070321000002,4.31
-7.967756944,-0.49
-9.5059252333,-0.695
-0.599034637700001,-1.189
-0.170311568500001,-1.017
0.5120087308,-0.252
-0.600046227100002,-0.011
-0.813706021999998,0.081
-0.1787028387,-0.3
-0.8174073511,0.919
-0.413168092299998,-0.09
-7.4465910939,-0.576
-5.0570242821,-0.157
-0.413168092299998,0.453
-9.1546350787,0.599
-3.6303988087,-0.282
-1.9981305931,0.417
-0.535224815199999,0.7
-1.0248479314,0.455
-7.8969838696,-1.537
0.349332593900002,11.135
-0.2470109047,0.923
-1.2653226245,1.03
-3.3105149154,-0.656
-3.0240832888,-0.506
-2.6762024983,0.569
-0.113607810600001,-0.442
-2.8249816908,1.345
-7.0996686195,-1.014
-9.2108296182,-0.874
-7.6610956058,-0.803
-8.2958111417,0.525
-7.967756944,-0.816
-5.2049821635,1.348
-1.6330752504,0.986
-2.6861865868,0.294
-5.8346318608,0.047
-0.8392947703,-0.146
1.0397081627,-1.27
-1.4947556269,-0.958
-7.2711490875,-0.347
-2.7620632349,-0.273
-2.6502072897,-0.38
-1.3257052512,-1.165
-6.5629152118,-0.611
-3.197221915,0.365
-2.0761331051,1.656
0.804532633600001,0.715
-1.7209750791,-0.155
-3.7189765219,-0.052
-4.1136078105,1.037
-1.0869398601,0.453
-3.2788480417,1.224
0.4140589764,0.986
-5.5830930938,-0.098
-1.2381095226,2.059
-2.1050983189,-0.247
-3.2205230145,0.866
-1.6546575716,1.426
-4.0202695704,-0.477
0.0312440089999999,-0.211
0.5073974401,-0.964
-8.750343961,0.76
-1.2134528912,2.471
-0.413168092299998,0.241
-1.3800012284,1.352
-1.7212903878,-0.161
-1.7127283743,-0.428
-2.9981305931,0.641
-5.6069398358,-0.742
-2.9981305931,0.262
-6.4243953478,1.793
0.9929834437,-0.015
-2.1349814613,1.067
-3.8408908513,-1.001
-5.622621458,0.781
-1.1068662327,0.778
-0.3551109908,0.252
-1.9981305931,0.305
-2.9050211887,-1.247
-0.413168092299998,0.161
-0.485317878199998,-1.562
-1.9981305931,0.57
0.6910269949,1.24
-3.5830930938,-0.515
-8.9981305931,-0.263
0.6926265717,1.894
-1.036265722,0.29
-6.4648302122,0.589
0.7444730769,0.405
-0.5292262218,0.295
-0.6568371734,0.123
-3.9156684329,1.18
0.745433521999999,-1.895
-2.3908754178,-1.836
-2.9079327841,-1.118
-4.9156684329,0.283
-1.5122973158,2.273
-7.4131680923,1.783
-7.4899836894,-0.601
-0.413168092299998,-0.404
-1.5923012406,-0.442
-4.815266536,-1.189
-1.999776566,0.073
-2.5513842341,1.13
-0.3108063747,2.725
-1.614560989,2.643
-1.2987687196,1.146
-1.7610913959,0.338
-1.8532343862,0.105
-1.4242445003,-0.984
-0.413168092299998,-1.628
-8.9792221305,-1.537
-4.0949921323,0.491
-0.413168092299998,0.409
-2.872599711,0.58
-6.872599711,1.708
-7.2333470548,-0.343
-1.0372728487,0.075
-1.5589671965,-1.257
-0.894294782100001,-1.023
-0.107969192299999,-0.319
-0.455458224599999,0.098
-0.3593076054,0.518
-0.0381286611,0.231
-1.8223290253,0.514
-1.3135177873,-0.147
-3.6456461255,-1.105
-0.413168092299998,0.047
-1.81623295,-0.453
-0.744513763000001,0.273
-1.1303006726,1.641
0.102531745900002,0.861
-1.4311859274,1.073
-2.4712140213,-0.255
-1.0754894758,1.086
-0.837825281900001,-0.91
-6.9779527111,1.358
1.6915932017,0.34
-0.413168092299998,1.276
-0.413168092299998,0.252
-2.4642568644,0.699
1.8746981664,0.645
-2.0085472091,0.478
-2.5362459598,0.311
-5.8981348031,-0.095
-2.7978319426,0.695
-1.3657620825,0.786
-1.5754395212,1.546
-2.6973038635,2.239
-2.9785017863,0.625
-0.950858947899999,1.91
-1.8567747439,-0.816
-2.3812466183,-0.008
-1.6799546331,0.347
-7.0278779365,1.134
-0.413168092299998,0.191
0.291183137499999,0.895
-2.1136078105,0.351
-2.8265348387,0.085
-2.0491201535,1.479
-0.787563607199999,-1.794
-0.8703750459,0.254
-4.1188827526,3.902
-4.320058688,0.995
-0.698570311199998,3.806
-1.9859679544,0.159
-0.9969032897,0.895
-1.8128184827,-1.311
-2.5361495922,0.115
-4.1841572689,-0.023
-0.4165666689,-1.81
-1.7889613788,-3.211
-1.5869803333,0.865
-4.9928611559,0.112
-3.7311917328,-0.623
-0.7927069105,-0.257
0.255210416500001,-0.092
1.8336895693,2.42
-0.0828976053999995,0.616
-0.835456732200001,-1.148
-2.6148019536,0.52
-1.4334805478,0.026
-5.4131680923,0.307
-1.252006118,0.614
-0.629068522599999,-1.609
-4.3673644028,-0.336
1.4784557465,-0.55
-0.0793123493999985,0.999
-0.279611753100001,-0.427
-1.599675978,-0.963
2.5982970941,-3.017
-1.038213236,-1.78
-1.5564383192,-1.752
-2.5674962387,-0.643
-1.2998454671,-0.141
-0.732273829,0.122
-3.1103077061,5.938
-1.4853474722,-1.392
4.1717944084,0.229
-10.1014184015,-0.799
-1.2707510478,0.778
-1.2167032178,-0.794
-1.513572799,-0.547
-1.1849803719,-1.295
-1.5828562953,1.766
-2.2317212211,-0.654
-1.0728421961,-0.434
-1.2321651272,-1.132
-0.884239626599999,1.486
-1.0444252183,3.179
-2.9783142254,-1.455
-0.843006296199999,-0.193
-1.0256179574,1.113
-1.5820717168,-0.523
-1.3639683864,1.656
-1.0293171867,0.632
-1.5071766523,-0.087
-0.8841509461,6.799
-1.4415468921,1.373
-1.2160839493,0.43
-1.4626981268,1.135
-1.83757377423,1.224
-1.0619801807,0.065
1.127400289,-0.045
-1.77177635395,-0.925
-1.76062343119,2.176
-5.5830930938,0.901
0.156242283360001,1.893
-1.0283646112,1.402
-1.47167552043,0.09
-1.5911663944,-0.265
-0.82226871034,0.594
-1.6022342827,-1.063
-6.5641846312,-0.985
-2.20271311258,-1.304
-4.340608525,-0.95
-0.96606581259,-3.262
-1.04194628534,-1.641
-1.14783472979,-1.393
-1.46444955531,-0.27
-1.7270588682,0.779
-0.328505695299999,-1.293
-0.2292716631,-0.795
-0.528645309800002,-0.236
-0.145234887200001,-0.205
-0.6681754989,-0.179
-1.03987030737,-1.417
-1.1934706953,-0.462
-1.2835883355,0.553
-0.74215478,-0.12
-1.652082303,-0.352
-1.6191269183,-0.624
-2.1601365479,-0.465
-1.0811213652,-1.723
-10.2156844575,-0.054
-2.1957639649,-0.257
-0.226271308899999,-1.169
-1.81605764925,-0.051
-1.4595391742,0.979
-0.989463607300001,-0.56
-0.690800879199999,0.408
-2.02785275,0.214
-1.7235251114,0.708
-0.413168092299998,-1.215
-0.9455277217,-0.109
-2.1212900624,0.095
-3.0863342278,3.031
0.0684166685000012,-1.33
-0.652269756200001,-1.191
-2.6512355827,-0.15
-2.378665245,-0.277
-2.2630968152,1.691
-3.3964617597,0.158
-0.1701251617,0.943
-0.3325153936,0.286
0.4304303503,-0.052
-2.4046229833,0.69
-2.2819235591,-1.068
-0.7217272371,-0.21
-1.6485085023,1.031
-0.772249185700001,0.047
-2.461939893,-0.103
-0.478756434000001,-0.241
-0.7923379629,-0.683
-5.839432847,-0.006
-0.440948364700001,-0.3
-1.1876812413,-0.26
-2.3630592441,0.645
-2.2375965278,-0.561
-0.839827511400001,0.278
-0.204007927599999,0.64
-3.2331968445,-1.724
-5.6447321596,0.145
0.961680316799999,-1.722
-1.75582691991,0.239
-1.2502978484,0.679
-1.569672578,0.349
-0.9293762789,1.212
-1.2219371903,-2.873
-2.3292057812,1.886
-0.958404314799999,0.989
-1.9004902932,0.044
-1.3460538966,-1.111
-1.0963109871,-1.443
-0.413168092299998,-1.841
-0.886213920100001,-1.532
-0.247228939399999,0.053
-0.659651322,-0.399
-3.9981305931,0.108
-3.0364006101,0.031
-0.960328560399999,-0.398
-2.6009528792,0.575
-4.7663149178,0.562
-0.413168092299998,1.386
0.2382575685,1.507
-2.9981305931,-0.731
-6.5321091651,-0.629
-0.5659571815,-0.779
-4.8656802971,1.204
-2.1382463199,0.025
-2.1474792331,0.466
0.1351972546,-2.088
-2.6363439485,-1.971
-5.2958111417,0.728
-2.1750083552,-0.542
-1.4050402115,4.397
-3.3772025951,1.907
-1.2711490875,0.001
-3.1077550843,0.799
-5.9209627325,-0.809
-1.2064266711,1.105
-1.7327736297,0.713
-2.5830930938,-0.064
-4.0570242821,-0.906
1.3941868297,-2.431
2.7794769856,1.822
-1.9981305931,1.228
-5.2180673628,-1.772
-2.9981305931,0.007
-0.8756465865,1.61
-4.5112001753,0.563
-0.4271749503,-1.276
-0.4390854667,-0.561
-0.0651300388999996,-0.373
-3.6719023608,0.175
-3.2393512757,0.372
-2.6490563562,-0.472
-0.372822623200001,0.275
-1.3574176491,0.141
-0.909593918500001,-0.032
-1.9110986,0.061
-4.6826287673,-1.005
-0.8646536383,0.094
-1.6543214418,0.372
-8.2460581065,-0.612
-7.4792572828,0.777
-0.413168092299998,-0.191
-0.657886787799999,-0.163
-0.7002662031,0.984
-10.2727028787,-0.796
-8.1205272244,-0.5
-1.2018648497,-0.24
-5.2711490875,0.453
-1.1868176575,0.658
-1.2498421276,-0.403
-2.1417632816,6.853
-2.0893304075,-1.343
-3.0111084471,-0.416
-0.413168092299998,-0.404
-2.1960568946,0.194
0.8206578509,-0.585
-0.210719839399999,0.693
-1.7294114823,-0.21
4.639943244,1.241
3.2183948212,-0.497
-2.3683542451,0.108
-1.1955115503,0.24
-3.1794603578,0.008
-0.698781197700001,-0.707
-6.2179444704,-0.763
-1.3717195378,-0.515
-9.7751118661,-0.286
-7.7077888412,-1.325
-1.2504021266,1.035
0.1417742783,-1.006
-4.0320779251,0.205
-1.0570242821,0.649
-0.3734418141,-0.325
-1.7067674642,0.314
0.292770606199998,1.423
-1.754392021,0.086
-5.1680555945,1.716
0.0510557670000011,0.47
-0.9072220969,-0.399
-3.8130986993,1.028
-1.6251664123,0.96
-0.803958045399998,0.76
-1.079243652,0.081
-2.1327166335,3.886
4.3201862483,2.282
0.379599293499998,0.325
-1.2270167765,0.346
-1.8773324491,-1.603
-5.0570242821,1.199
-1.0556496322,3.499
-2.1907756711,3.483
-2.4429154358,2.965
0.505404308200001,2.39
-2.4036032284,0.05
-4.2810645564,1.179
-3.7254460172,-1.411
-2.8152665359,-2.455
-3.1787028388,0.198
-1.4055280302,-0.04
-2.5165078421,-1.893
-2.3947111877,0.448
-1.8282055916,1.87
-1.3689831654,-1.729
-0.700919072,0.584
0.806144935999999,0.011
-3.0246028045,0.032
-0.1606260604,0.078
-3.5516500462,-1.232
-2.5830930938,-0.766
0.6496480158,0.894
0.908760002499999,-0.282
-0.413168092299998,-0.076
-2.2779789648,-0.431
-0.6230911618,0.038
-8.9561999126,-0.698
-0.8638295014,-0.032
-0.437173555399999,1.863
-0.413168092299998,-0.167
-8.0785040095,0.11
-0.0678760044999986,0.135
-0.5154181507,-1.41
-3.4221568757,-1.472
-0.987862257700002,0.058
-7.3252019913,0.067
-3.2292666475,0.136
-0.330422076800001,0.315
-5.2205230144,-1.357
-1.8576968884,-1.276
-0.351391894799999,-0.563
-1.5386989745,-0.522
-1.7521921811,-1.281
-3.1216696275,1.103
-0.888129409400001,1.425
-2.4183359608,0.379
1.5466428175,1.05
0.206371669300001,-0.321
-2.0740307075,0.919
1.5546515019,0.812
-6.1136078105,-0.464
-1.0739926076,-1.679
-0.520652519099999,-0.115
-0.487168673800003,1.465
1.1985613179,-0.61
-1.9712856061,-0.464
-1.4325334172,-0.71
-3.6861865868,-0.152
1.8125446873,0.346
-0.921029624599999,-0.025
-1.0626349926,-0.367
-1.3325496322,-0.177
-4.2222986393,0.33
-2.4676158764,-0.877
-1.8531822572,0.604
-1.3133226947,-0.561
-1.725936188,-0.915
-3.4482333593,1.949
-1.4637941655,0.695
0.6464558903,-1.359
-0.0842396082000008,0.363
-3.4776547828,-0.852
-1.6274872131,0.455
-0.6452231935,1.067
-2.8461274996,0.833
-3.7427701152,-0.506
-0.763547956499998,-1.131
-1.7476156565,0.023
0.1878423496,-0.595
1.1810129383,-0.478
-5.4761778899,0.451
0.2794521212,-0.284
-2.0874688236,0.027
-0.4485734285,2.281
-8.4075215292,1.025
-5.1945278059,0.487
-1.5943136323,-0.311
-2.467513314,-0.18
-6.7169488405,-0.988
-4.0863577761,-0.115
-1.2177724035,-0.471
-7.4018527791,-0.851
6.381247774,-0.796
1.2130170711,-0.932
-0.530160963,-1.877
-2.2239785731,0.634
-6.770720097,0.541
-0.413168092299998,0.074
-1.1455671599,-1.642
-1.6029926512,-0.547
-5.3827944433,-0.62
0.715618214299999,2.363
0.8354082608,4.751
-3.0240673823,0.807
1.0820321518,-1.129
-4.3341338732,-0.2
-6.9209627325,-0.287
-10.7773027474,0.31
-3.5830930938,0.105
0.0615756530000002,5.286
-1.7571224936,1.1
-0.710397418099999,-0.054
-9.1118727591,-0.93
0.0705821570000005,1.52
0.454381611599999,1.032
-6.1945278059,0.088
1.3433376882,0.274
-0.413168092299998,0.992
-2.6218855768,0.149
-9.5424511093,-0.579
-0.8346318608,1.071
-1.6570936752,2.009
-0.332356046800001,0.612
-1.9981305931,0.957
0.0678036770000006,-0.702
-6.3439054299,1.292
0.118398151300001,-0.593
-6.2129893417,0.679
-1.9863051577,0.862
-0.4202575172,8.134
-5.0415528734,-0.47
-7.8969838696,0.038
-2.1823483114,-0.472
-7.12741361,-0.45
-8.0056251296,1.314
-5.872599711,-4.065
-0.413168092399999,-1.368
-7.0570242821,-0.404
-7.5830930938,0.373
1.5594257502,0.056
-9.0606265188,0.919
0.321658591,0.717
1.4519023275,0.734
-1.2644106584,-0.13
-1.4375179538,2.204
-6.7530180952,2.19
-1.5321752726,-1.146
-2.1048290622,-0.058
-0.413168092299998,-0.114
-5.1136078105,0.678
-9.3409460544,0.995
1.0374933166,-1.166
-6.1410885469,1.748
-4.6610956058,-0.18
-0.413168092299998,0.831
-7.7350961872,0.433
-5.2711490875,0.262
-3.4131680923,-0.21
-2.3871728839,0.792
-2.2876372103,-0.577
-2.1872541681,-0.074
-4.8054855151,0.841
-2.2353453542,2.661
-0.819488374599999,3.696
0.176367138100002,-0.646
-2.3588779369,-0.743
-6.6029926512,-0.094
-4.6610956058,-1.279
-0.473289084899999,-2.089
1.5367912251,-0.773
-1.9352705692,7.817
-0.403850331000001,2.69
1.2010887151,4.725
-5.4131680923,-0.42
2.156687516,6.563
-2.6020512516,0.922
-1.1375336498,-0.108
-0.8300540161,-2.625
2.6742947489,-0.759
-3.1218049635,-0.701
-2.7350961872,-1.616
-4.5006309336,-1.249
1.3721605233,2.314
-6.2075839587,1.115
-2.3148586791,-3.302
-5.622621458,-1.394
-6.3673644027,-1.492
-4.89655961,-0.471
3.9560657172,0.306
2.5367912251,2.554
-5.4575622117,0.605
-2.278982745,0.796
-2.9981305931,8.775
-8.84779632,10.173
-8.5578263352,-0.404
-3.5651711858,1.192
-6.4131680923,0.493
-2.2956244697,-0.558
-8.4187926415,2.875
-2.593740338,0.325
0.828804697900001,-1.188
1.0229310224,-0.127
-7.4575622117,0.165
-3.3175904324,0.09
-7.967756944,0.694
-0.0126301628000007,-1.271
-7.1813524171,0.967
-1.9502463622,2.478
-7.0996686195,1.645
-1.8191604521,-0.744
-0.413168092299998,-0.391
-0.413168092299998,-2.925
-0.413168092299998,-3.79
-0.413168092299998,-1.252
-0.413168092299998,0.47
-1.4131680923,-0.269
-0.413168092299998,-0.408
-0.413168092299998,-1.193
-3.9241300117,-0.061
-8.4465910939,2.067
-2.4807313762,0.717
-0.413168092299998,-1.481
-0.413168092299998,-1.22
-5.1803339243,-0.211
-0.956921623000001,3.83
-3.378952377,0.202
-2.513495151,0.537
-0.863333815000001,2.272
-0.4960611007,0.434
-7.5629152119,0.214
-5.9050211887,-0.338
-5.8054855151,2.257
-1.5170689585,-0.264
-1.4691784783,-5.723
-0.0830194906999999,0.305
0.298205787900001,1.164
-2.9843247936,0.255
-6.3439054299,0.594
-4.0633346041,0.321
-2.6708886983,1.772
-4.6433601243,2.201
-2.4332058457,1.436
-0.913970145499999,1.084
-7.5830930938,0.311
-1.1740122596,-0.262
-1.8199850849,1.601
-9.3290474712,1.331
-2.8937939333,-0.236
-4.8442179097,0.549
-0.413168092299998,0.561
-0.6934484899,-1.391
0.693747111499999,-0.383
-0.787563607100001,1.19
-4.3968457871,0.413
-1.0152041064,-1.837
-1.7732571823,-0.169
-1.165240579,-1.943
-2.6802044288,-1.541
0.691801467200001,-3.788
-2.6785126589,0.824
-5.7350961872,0.508
-7.2075839587,0.598
-0.898594919499999,0.743
3.3941868297,-0.213
-0.917788484800001,-0.05
-0.3618668637,-0.956
-8.0056251296,-0.251
-4.8054855151,0.159
-3.3800012284,0.412
-0.413168092299998,7.087
0.131929947500002,-0.903
-4.1136078105,-0.512
-0.998130593099997,2.326
-2.2460581066,5.948
-3.2876372103,0.16
-3.7350961872,1.828
-4.1371946309,-0.458
-3.1769337459,-1.142
-6.1136078105,-0.483
-3.5600094807,-0.068
-6.378952377,-1.476
0.489315401699999,-0.015
-0.998130593099997,0.592
-2.8597471089,0.169
-8.2896850389,-1.123
-4.4131680923,-0.117
-3.9111149467,-0.589
-8.5164559008,1.719
-0.551687956499999,0.389
-1.8624754938,-1.648
-0.0162779399000002,-0.38
-0.413168092299998,-0.732
-1.1066883966,-0.528
-5.0570242821,-0.187
-0.413168092299998,-0.146
-2.7350961872,-1.247
-9.0093578485,-0.495
-0.294523595899999,0.677
-1.1028279718,0.506
-5.872599711,-1.012
-1.9515880072,-0.453
-1.9471466643,-0.249
-10.12741361,0.111
-2.6709658499,-0.299
0.5343644877,-0.238
-1.4131680923,-0.136
0.390873403900001,5.104
1.8932191516,2.381
-1.771468577,-0.305
-4.2761153405,0.382
-3.4528914022,1.573
-1.4131680924,1.191
-0.512405965400001,-1.262
-0.769794710200001,-1.0
-4.7350961873,0.38
-4.0976662667,-0.83
-0.413168092299998,-0.404
-8.0278779365,0.994
2.0388205431,1.849
0.649719613599999,-0.046
-4.5527194448,0.224
-0.7350961873,0.309
-1.4042349676,0.432
-7.2835328119,0.257
-1.1548560968,-0.405
0.3614556278,1.059
-1.4160345647,-0.238
0.7145874548,0.736
-1.7514906255,-0.169
-0.0773008064999985,-0.166
-7.2333470548,0.19
-4.2205230144,1.699
-6.2333470548,1.605
-5.782401902,5.453
-4.2108296182,1.191
-1.4070935779,-0.065
0.475800595200003,0.104
-1.6647068594,1.021
-4.7350961872,0.492
-0.413168092299998,-0.531
-7.4355359054,1.087
-2.1787028388,0.101
0.194952129299999,0.128
-0.0931271071000008,2.414
-0.0411993151000001,3.428
-8.3140349003,2.15
3.1867447498,0.405
-7.4575622117,3.417
-3.6037624308,0.65
-0.976425478800001,2.808
-3.3593968359,0.793
-1.4978582159,1.102
-2.0193831424,-0.315
-6.1665705764,-0.824
-1.2556859701,1.726
-5.2505177547,-1.756
-1.72017249172,1.534
-0.676202498199999,-0.908
-3.9719639312,-1.317
-0.3895444879,-1.429
-6.4792572828,-1.538
-1.9757092984,-0.123
-1.7808998769,0.691
0.237984688100001,1.453
-1.52775006,0.179
-0.413168092299998,0.134
-5.1410885469,2.14
-7.2958111417,-0.276
-8.4187926415,1.23
-3.9738830468,-0.186
-5.9241300117,0.522
-2.3112884784,2.474
-1.9852493019,-0.201
-2.777221663,0.174
-4.6148019536,1.709
-4.872599711,2.049
-4.278982745,-1.296
-1.5924917918,0.546
-6.4823301169,1.199
-1.0826749939,0.556
-2.5392117868,0.557
-7.6029926512,0.435
3.5868319077,2.168
-2.5093205163,2.499
-8.8011853777,1.245
-2.3077849,0.218
-7.2123644911,-0.17
-0.637485390599998,-1.755
-1.5598461783,2.064
0.742313172199999,5.099
-1.6040324315,3.499
-2.2024890916,2.767
-2.7568457707,3.087
-1.1133826885,0.375
0.1717944084,0.172
-6.3904480158,-0.249
-6.4792572828,0.382
-5.872599711,1.43
-1.4131680924,2.402
-6.5424511093,1.662
-1.4455895701,1.211
-0.363415057200001,-1.198
-5.2991117495,1.178
-1.9311297587,1.321
0.746092555199999,-0.206
0.418340691300001,-0.643
-1.6518623261,-0.025
-3.8255511382,0.476
-6.9830237007,0.125
-8.0130809345,0.178
-3.1107706513,4.648
-1.9710946308,-0.688
-3.0767710423,0.295
-1.5669337945,-0.163
-2.0225836369,-0.883
-7.6892924976,-0.469
-6.4792572828,-2.496
-7.6458288492,0.357
-1.5915053336,-0.272
-2.1966530629,1.534
-2.0487566662,0.402
-1.3307059322,-0.582
2.54490257839,-0.4
-2.9738830469,1.128
-0.413168092299998,1.243
-0.1490105296,0.221
0.890774256999999,-0.572
-0.5834581944,-1.487
-1.1091619055,3.135
-1.1356341168,0.608
-3.6727303063,-0.23
2.6611792491,0.294
-1.4830867972,0.046
-1.7563466426,0.986
-0.413168092299998,-3.68
-4.6610956058,0.01
-7.0996686195,0.164
-2.2876372103,1.079
-3.5096309319,0.364
-0.413168092299998,1.099
-1.058503211,0.269
-0.106213326699999,0.965
-1.7362638887,-0.122
-1.9168877346,0.364
-0.2599531593,-0.413
-3.2091332576,0.678
-1.5062774967,-0.223
-1.3153089967,-0.174
-1.1543397975,-0.177
-0.666616449399999,-0.614
-2.1641405445,-0.828
0.586831907700002,-1.285
2.3681916211,-0.873
-6.0742335722,-0.865
-0.2885670814,-1.312
-4.6610956058,0.592
-2.3583370512,-0.102
-1.6487963409,-0.092
-0.593376067100001,0.01
-5.9981305931,-1.258
-4.8054855151,0.342
-1.30213678,-1.158
-0.0536939262999994,-0.402
0.640152648999999,0.864
-0.2562287325,0.764
-1.2167013035,-0.629
-3.3108695166,0.146
-3.6897721968,1.486
-1.1054880024,0.474
-2.2169279589,0.752
1.2657308091,-0.921
0.229897362900001,-0.392
-1.0439342827,-0.139
-1.7974332428,0.958
-2.7019030086,1.501
-1.5550611582,-0.957
-0.649868350400002,-0.234
-3.872599711,-0.697
-0.8688475762,0.315
-4.3759570133,-0.568
-1.2632498187,0.276
-2.5348840007,-0.057
-2.0622609305,0.154
-0.2496693601,0.44
-2.201853803,-0.501
-0.413168092299998,1.357
0.343274876300001,-0.528
-0.413168092299998,-0.04
1.0365874669,2.69
-0.6945810275,-1.016
-1.0739259436,-1.177
-2.3452835141,0.605
-6.679954633,-0.054
-5.3673644027,-0.087
-9.8204358566,1.874
-4.021977335,0.127
-0.1179703631,0.645
-2.2080810358,3.986
-1.4969818385,2.266
-1.1986111013,-1.575
-2.3004001622,0.098
1.3497927103,-1.161
-2.4131680923,0.408
-1.9118057933,0.792
-3.094851251,-1.843
-2.4911706043,-1.023
-4.4033870716,0.492
-0.716068205300001,1.424
-0.973133168,-0.962
-1.4479335105,-0.466
-1.106113274,1.199
-0.1943046339,0.815
0.904690338199998,1.739
-3.3865329659,-0.376
0.190126231200001,2.283
-0.2943132752,0.019
-2.8366625919,0.292
-2.958329585,0.15
-0.413168092299998,-0.538
-0.413168092299998,-0.567
-1.3539956487,0.716
-7.12741361,0.374
-4.4560539052,1.4
-1.1630549134,0.54
-1.3838124228,0.411
-4.5006309336,-1.331
-1.6049486771,0.51
-2.2891268284,-0.767
-7.5416582019,0.011
-3.277354237,-0.437
-0.968080994299999,-0.672
-1.9182772854,0.209
-7.4243953478,-1.329
-0.8694441788,-0.756
-2.3834764075,0.304
-2.3999322652,-0.099
-3.9110738588,-0.494
-3.4131680923,0.979
-1.6966220395,0.54
-2.6626443929,3.062
-1.667696902,-1.174
-2.3510855836,0.883
-0.620068337499999,2.369
1.7297898614,0.386
-0.413168092299998,-1.139
-0.198798092300001,0.546
-6.5424511093,-0.386
-4.1867083014,-0.369
-1.2333470548,-0.645
-1.8452059442,0.939
-1.1559657108,0.232
-6.8889015233,0.551
-2.5365505079,-0.071
-1.6584246221,0.404
-1.493249416,0.008
-1.8912153892,2.161
-2.3100745994,1.749
-4.3762864785,-0.295
-2.5773974882,0.208
-0.773757807699999,-1.788
-0.503365901300001,-4.408
-2.5506716161,-1.668
-8.0056251296,-0.906
0.806957722,-0.586
-1.7350961872,-0.138
-4.2205230144,-0.213
-2.442314438,0.941
-0.7212903878,0.649
-5.5006309336,-0.044
-8.2075839587,-0.404
-0.550671616100001,-2.565
-2.9349367666,-2.286
-0.4394474172,0.335
1.2925465678,-1.231
-6.1747193248,-1.379
-0.413168092299998,-0.37
0.4049935846,-1.943
-3.0005093159,-0.842
-6.1680555945,0.67
-2.4131680924,-0.409
-0.413168092299998,-3.311
0.759616563200002,0.159
-1.6017207902,0.288
-6.2711490875,-1.023
-4.0827618436,0.051
-2.3274382184,-0.754
-1.1679391777,2.578
-0.0115350193000001,-0.951
-1.2523947893,-0.437
-0.349831972,0.575
2.2003635605,-1.718
-8.1066550498,0.162
-4.5502284599,2.964
-0.0172394161000007,0.565
-0.683056169299999,-2.431
-0.364750963400001,1.057
0.3155551898,-0.486
2.2766296176,2.359
-9.2349420743,0.246
-3.3517675478,-0.099
0.0143244055,-0.124
-3.766805047,-7.583
-0.368038716900001,-7.867
1.2128816004,-0.603
-5.0278779365,-0.799
-5.839432847,-0.779
-4.9664217334,-0.198
-1.2880407049,-0.457
-2.8387188184,-0.955
-1.0287759106,1.259
1.8185621935,-0.392
-1.4131680923,1.955
-0.435888168799998,0.838
-7.3673644027,1.482
-1.323242413,0.521
-3.5006309337,-0.703
-5.3673644028,-2.109
-0.8065105206,-0.53
-5.5424511093,-0.231
0.380280322000001,0.202
0.138761563599999,-0.972
-0.5449123469,0.03
1.1071508572,-0.844
-0.413168092299998,0.028
-0.413168092299998,-1.253
4.0431374253,0.656
0.882287791099998,1.385
-9.6939388625,0.937
-1.6624271196,-0.919
-4.2518871854,-1.286
-0.9228424658,1.014
-5.35400602,-0.378
3.2995499555,0.403
0.7261371113,-0.214
-0.7687045799,-0.884
-0.413168092299998,-1.067
-1.1807838994,-0.448
-3.0560115092,-0.73
-7.2649171338,-0.639
1.8566372714,-1.416
-0.7298404618,-0.011
-2.9431164911,-0.68
-0.413168092299998,-1.201
0.4342642691,-0.864
-1.379379779,0.189
-0.413168092299998,-3.864
0.00186940689999915,0.092
-0.413168092299998,1.637
-5.6985703112,0.07
-5.4575622117,1.468
-3.3766422164,0.687
-7.2711490875,0.154
-2.1074779893,2.106
-0.3349010356,0.279
0.1352386755,1.424
-2.065244789,-1.018
-2.8520523336,2.928
-4.1997644543,4.369
-1.8002557007,2.936
-0.9761816203,0.636
-0.115390896899999,0.668
0.2775038495,0.017
-2.2102280338,-0.44
-8.5372894042,1.285
-1.8137060219,4.095
-3.4575622117,0.415
-0.9211081729,1.623
-5.310408518,0.828
2.1717944084,1.136
-5.6985703112,1.146
0.7983360128,-0.078
-0.585896077100001,0.163
-0.818207664999999,-1.964
-7.2269492836,2.13
0.4128025079,1.814
-4.1380608543,-0.116
-2.1524587395,-0.439
-0.462077692899999,-0.326
-1.0998360212,2.273
-3.4221568757,0.877
-1.3093789894,1.376
-1.0787490533,1.807
-5.0570242821,0.668
-1.4204360929,2.953
0.857385520100001,-0.061
-1.1943707266,-3.007
-8.0093578485,0.297
-3.2205230144,-0.369
-1.0095353563,1.165
0.629331838300001,0.141
-1.8210458001,-0.129
-9.5085651151,-2.577
-0.413168092299998,-0.404
-1.1032126392,0.246
0.906060852899998,0.605
1.3612722072,0.832
-7.5730394291,-0.404
-8.8310206072,0.602
-2.7350961872,0.216
-0.842942134999999,2.597
-2.7350961872,-1.984
-7.1546350787,-0.914
-1.4348631635,0.158
-3.6762024983,0.065
-0.413168092299998,-0.692
-4.320058688,1.269
-2.9981305931,2.813
-8.1680555945,1.219
-3.3780642914,-1.54
-7.6419867828,-0.599
-5.2529444921,0.592
-3.7143376271,1.417
-2.8231875169,0.603
-1.7018149902,1.699
-2.8262004558,0.107
-1.768648747,-0.838
-1.1698969414,0.784
-0.413168092299998,1.499
-0.9002168366,1.298
-1.730750717,0.59
-3.5359279857,-0.572
1.0104685358,0.526
-3.0423303971,7.209
-1.1790298322,0.334
-1.0554334011,-0.572
-8.8807736424,0.882
-1.1844674186,-0.865
-1.361942769,-0.055
-2.5130765072,0.001
-2.561903472,0.067
0.246916182800001,-0.225
-2.0464173643,0.248
-1.7760193715,-0.298
-5.8442179097,-0.887
-1.3457655161,1.055
-2.7350961872,0.005
-3.752583614,-0.568
-4.3640363851,0.805
-1.3871728839,2.837
-1.0863577761,2.588
-1.9981305931,0.426
-4.2205230144,0.403
-5.3755538006,-0.735
-2.0208805264,-1.078
-0.413168092299998,-0.326
-1.4256296111,-0.077
-0.166528124799999,-0.643
-3.0095806139,-0.341
-8.5269102584,-1.294
-0.222690851099999,-0.44
-2.8395082407,-1.691
-0.169042149099999,0.323
-1.1721599929,-0.866
-0.2369385141,5.778
-0.882368117099999,0.362
-7.7530180952,0.019
-8.3320313296,-0.677
-9.2476391423,-2.183
0.736543189500001,0.004
-1.8398923773,-1.027
-3.3774461702,-0.944
-1.2090853722,1.017
0.475800595300001,2.72
-0.972220271500001,2.299
-7.0996686195,0.28
-1.457022382,0.259
-1.426464915,-0.482
-5.5006309336,-0.404
-1.5533457504,-1.359
-0.413168092299998,-0.404
0.243483146400001,0.117
-1.1183613405,-0.905
-0.973064173199999,-1.391
-5.6952034601,-0.165
-1.1867792833,0.003
-1.7424757177,-0.247
0.3198394882,-0.112
-0.456161310100001,-1.494
6.381247774,-0.226
-1.9489829438,0.16
-0.4086667001,0.023
-6.4575622117,0.733
-0.321049890399999,-0.608
-2.738838589,0.577
-0.1537564816,-0.986
-0.490433218700002,-0.537
-0.4918800684,-0.683
1.9316604046,-1.026
-0.1435044041,0.388
-5.6705559351,-1.634
-8.5269102584,0.705
-1.4699541185,1.189
-3.9556953268,2.227
-2.2233307254,0.495
0.0177607796999979,0.505
-1.8020464312,6.01
-3.3373243344,0.844
-3.4294699047,-0.061
-2.2907940935,0.844
-1.4667414495,0.957
-3.6762024983,0.917
-5.4447544354,0.348
-0.632846129000001,-0.385
-1.6858655956,1.773
-1.4131680923,0.679
-0.096310986999999,2.359
-2.0320779251,-0.87
-1.7442218511,-1.185
-2.1681374194,2.742
0.628411011399999,0.07
-9.4243953478,-1.029
0.1588785205,-0.387
-0.000193059600000822,-0.064
-3.5702118026,1.25
-0.7525757666,-0.086
-8.0241928896,0.242
-2.5006309336,0.909
-1.4542774058,-0.251
-0.2787974582,-1.311
-0.389709119500001,-0.282
-9.2742549983,-1.074
3.2936599537,0.454
-2.6560246163,-0.191
-5.8254824237,0.969
-8.3760640977,0.839
-6.5830930938,2.221
-3.4680764335,1.833
-6.6029926512,1.805
-4.8054855152,-1.292
-0.7372319316,1.212
-0.165240578900001,2.267
-6.9367300484,-0.017
-4.5175047522,2.808
-7.1813524171,2.44
-4.5321091652,-0.763
-7.8140475286,0.219
-2.6095653052,0.88
-2.9680106048,0.59
-1.3580265382,-0.7
-0.159216791299999,-0.27
-1.3573148577,-0.539
-1.7693484965,0.455
-0.0783009418000002,-0.924
-0.1898680302,-0.803
-3.7350961872,-0.156
-4.6095653052,0.238
-1.1809946502,1.424
-2.0475427873,0.153
-0.529455130200001,-0.447
-0.413168092299998,1.377
-7.2460581065,-0.284
-2.3191246025,-0.809
0.0359896720000012,-1.163
-5.622621458,2.201
-1.0615192994,1.015
-2.3899607013,-0.924
-5.839432847,2.617
-0.0505980129999983,-0.181
0.275392869799999,-0.157
-1.2688928783,-0.272
-2.9981305931,1.378
0.871874934400001,-0.327
-1.745149852,0.446
-7.2075839587,-1.899
-4.6610956058,0.999
-3.0475992693,-0.715
-2.3570528955,0.528
1.1480597596,-0.828
-1.4794153708,0.699
2.0439607404,-1.893
-0.824975027000001,-1.086
-2.9367300484,2.463
-2.2210667096,-1.084
-0.248781274500001,-0.234
-1.1493125738,-0.132
-6.2940634795,0.502
-3.8112678678,-0.064
-2.2448045701,-0.204
-1.9891137197,2.695
-0.00851507530000006,1.047
-0.660848251400001,2.321
-1.0860033492,-1.942
-8.5679862014,-1.628
-4.8602513186,-0.563
-0.3680802028,-1.093
-1.1618365496,-2.144
-3.0909716141,-4.791
-7.7530180952,-1.344
0.7981768365,-1.275
-1.4971198707,-1.228
-2.7571224936,0.46
-6.2958111417,-1.256
-2.917130871,1.941
-1.8942947821,2.235
-6.3673644027,0.325
2.9791493304,-1.3
-6.3673644027,0.7
-1.4656355123,1.773
-5.6985703112,0.47
-4.1680555945,1.725
-2.5830930938,-0.699
-0.5424511093,0.507
-2.9415470648,-0.545
-0.566791281499999,0.538
-8.5930771824,-2.146
-5.0294267236,1.165
1.1311524238,1.404
-4.7350961872,0.266
-6.939862938,3.114
-2.3131892626,-0.254
4.0190053192,-0.543
-0.4773905353,4.924
1.5376189331,-0.952
-3.5475120443,2.066
-1.2707035133,1.909
0.0866777947000017,-0.022
0.2563587036,0.109
-0.925618093300001,0.109
0.1872244488,-6.305
-2.6961020556,-5.095
-4.3039390226,-5.227
-1.6446113279,-4.47
-4.6839235353,-3.368
-2.4835574203,1.303
-8.7123761107,-3.951
-3.0441429909,0.823
-1.8016208061,-0.327
1.1565276516,-0.741
2.616579251,-0.696
-3.4370148343,1.009
-1.9981305931,1.973
-6.0570242821,1.876
-3.5669734284,1.66
-1.7413551778,1.06
-0.6266823624,0.073
-7.3439054299,3.31
-9.4187926415,0.856
-5.2544703463,0.13
-2.796171764,0.157
-0.512518436799999,1.44
0.256406635999998,0.531
-0.665355115999999,2.536
-4.2205230144,3.68
3.9443839122,4.509
-6.4575622117,0.152
-4.872599711,-0.049
-6.770720097,3.781
-2.7913162096,-0.688
-3.1705977891,0.545
-5.2711490875,0.668
-4.4131680923,0.483
-5.839432847,-0.904
-0.366625506399998,0.022
-0.788677227500001,-0.311
-0.413168092299998,0.702
-7.1546350787,-0.119
-4.960429884,0.398
-1.9318968947,-0.167
-0.9443471863,0.129
-1.5271242817,0.735
2.5197177118,-0.026
-5.770720097,0.645
-1.8026201814,-2.288
-1.6145976203,-2.099
-3.7350961872,2.796
1.2865060672,-0.993
-1.4131680923,-0.584
-0.366373880899999,-0.545
-2.8774491107,-0.216
-4.0789426387,-0.577
-0.651954952000001,0.669
0.6723499788,-0.402
-5.4575622117,-0.011
-2.0172394161,-0.148
-1.4926025598,-1.981
-5.320058688,5.825
-3.5798179618,0.193
-0.0589857985000002,-1.341
-0.774766332700002,-1.835
-0.1791565878,-4.453
-2.8990315045,0.527
-2.7440849705,1.947
-0.142314182099998,-0.244
-0.882653375699999,-2.107
-3.8054855151,2.568
0.0189429203000007,-0.595
0.998397215000001,-2.628
-0.998130593099997,0.699
0.309297932099998,2.166
2.7567569091,0.75
-6.568998264,1.162
-0.413168092299998,-0.138
-5.4812134798,-0.108
-2.1493043131,0.68
-9.39330767,2.604
-6.5424511093,0.826
-6.9523269035,0.123
-2.0278779365,0.089
-8.5980434353,-0.019
-5.4575622117,0.1
-6.710848641,0.611
0.0443334991000004,-0.343
-0.847227004599999,1.018
-1.1741897119,1.207
-0.5811910566,-0.045
-0.403504995099999,-0.976
-0.413168092299998,1.128
-8.748558447,-1.238
-1.3934318743,-0.655
-2.9378300829,-0.919
-0.1778366153,-0.359
-0.4681927929,-1.776
-2.9300122157,0.162
2.9087600025,-0.308
-6.4575622117,-1.405
-0.526824874199999,-1.665
-0.413168092299998,0.192
-1.2062387884,-0.596
-8.3731700244,0.673
0.303563018,-0.313
-1.872599711,1.123
-5.6985703112,0.234
-3.4131680923,1.02
-2.836818722,-0.265
-4.2800507158,-0.359
-10.3003887078,-0.819
0.495684019600001,0.464
-6.872599711,-0.752
0.205622336499999,1.0
-4.5769145189,0.106
-4.2205230144,0.263
-2.1020815572,2.981
-0.413168092299998,-1.251
0.2692955819,-0.817
-4.5830930938,-0.647
-1.2027834837,-1.669
-0.112301613,-0.613
-7.0570242821,-1.162
-8.5930771824,-1.127
0.8893946776,0.972
-4.0056251296,-0.206
-5.2205230144,0.381
0.789140082900001,0.021
-2.4131680923,-0.179
1.5821402123,-0.249
2.2552104165,-0.487
-3.2668166667,-0.978
-0.210612086699999,1.136
-3.1478624918,0.58
-4.9050211887,0.431
-7.4355359054,0.057
-7.622621458,6.68
0.2957831256,0.677
-1.8208760499,4.047
-8.2628338193,-0.363
-5.1822345297,-0.23
-0.413168092299998,1.766
2.0931845736,-0.709
-3.9456631732,0.325
-0.906208103700003,-0.027
-2.7350961872,-0.103
-1.377221396,-0.958
-0.6709658499,-1.751
-7.0278779365,1.516
-2.8171673202,-0.162
-0.413168092299998,-1.271
-0.413168092299998,0.364
-6.3673644027,-0.579
-1.6799546331,0.331
-2.1083135108,0.54
-3.0311456503,0.621
-6.5216925491,-0.577
-0.441303882000002,-0.025
0.333712970699999,-0.201
-2.770720097,-1.072
-0.4521227381,-0.433
-2.008937348,-0.399
-8.6177392366,0.637
-4.3290474712,-0.534
-3.91141896,-1.417
-1.2096346983,0.175
-6.2586581433,0.293
-8.277354237,0.606
-1.2646115519,1.703
-3.4365924379,0.035
0.721581319699999,0.091
-10.4452138193,0.522
-7.4575622117,1.424
-2.5620314783,0.545
-3.8152665359,0.325
3.9087600025,-0.576
0.508829395599999,-2.465
-5.9367300484,-0.864
1.0018694069,-0.523
-1.6983681541,-0.006
-2.2732126267,0.747
4.631226027,3.36
-2.4131680923,0.354
-0.413168092299998,0.261
4.631226027,0.571
-0.413168092299998,-0.303
-2.4131680923,0.87
-2.6342718178,2.15
-6.7169488405,1.937
-6.3904480158,-0.204
-3.4131680923,1.911
0.5904522233,0.905
-1.5476534246,-0.061
-0.413168092299998,0.801
-0.413168092299998,0.394
-0.863176001199999,-0.268
-4.2205230144,1.196
-6.4792572828,1.198
-3.872599711,-0.277
-1.1114301572,0.358
1.3340658372,-0.84
-0.413168092299998,-3.673
-4.2205230144,-0.859
-1.9190590222,-0.86
0.0942334251000005,-0.045
-6.3079858557,0.144
0.8846962976,-0.047
2.320316933,0.322
1.1524290835,-1.631
-8.9830237007,-0.759
-0.485061010900001,0.031
-7.1813524171,-0.051
3.0070337516,0.72
-1.6459102677,0.466
-4.320058688,4.418
-2.963365175,1.496
-7.0130809345,0.087
-0.413168092299998,2.788
2.8092243289,0.009
-5.2205230144,-0.506
-6.7530180952,-0.647
-8.6610956058,-0.516
-9.2237397271,-0.616
-9.1647121514,0.458
-0.6549860123,0.701
-1.1774427055,-2.011
-1.4362517055,4.369
-3.6170404258,1.223
0.227458583399999,-0.272
-1.5243470026,1.182
-0.413168092299998,-1.69
0.7989468497,-2.015
-3.9394546858,-1.025
-2.6535663018,-0.825
-0.8481051491,-0.054
-5.8217505696,-0.216
-5.967756944,-1.189
0.927868825399997,-0.404
0.7238021861,-0.541
-6.8054855151,-0.667
-8.967756944,0.089
-4.5006309336,0.718
-7.3556825977,-0.569
-5.1136078105,-0.932
1.8984180583,0.746
-0.899215567000001,1.289
-7.8183095555,1.23
-0.413168092299998,-0.333
-1.7764666217,-0.681
-2.016633914,1.067
-3.9767569423,0.474
-7.622621458,-1.429
-0.417276386699999,-0.74
0.0405498751000017,0.47
-0.914714584899997,0.891
-9.2140679923,-0.979
-1.1296405147,-0.484
-0.413168092299998,-1.589
-0.569831194400001,-0.839
-1.112773159,0.189
-0.413168092299998,0.027
-6.9050211887,1.735
-0.610204939399999,0.323
-6.4355359054,1.253
-3.872599711,0.393
-4.1136078105,0.984
-0.853740683800002,3.788
-5.2165541122,5.227
-0.413168092299998,-0.313
3.7225126957,-0.167
0.0188424854999987,-1.484
-1.9981305931,0.084
-0.4037077632,-0.152
0.621320284000001,-4.304
-2.2698039172,0.22
-2.9981305931,0.581
5.0130966624,-0.386
-7.8140475286,0.414
-1.2106752285,-1.008
0.3147523622,-1.292
-6.4792572828,0.588
-1.3369325066,0.932
-2.1525768625,-0.911
-3.050598013,0.908
-3.872599711,0.736
-1.4131680923,1.382
-3.8461274997,-0.708
0.0119230715999983,3.043
-4.9523269035,2.369
0.2500364314,-0.003
0.218292870399999,-0.058
-2.5756179732,-1.563
0.148710795300001,0.06
-0.293137388600002,0.197
-1.8095645939,1.04
-0.566229656199999,0.337
-3.4194818663,-0.572
-8.9209627325,-0.018
-3.2866356865,0.597
-4.5830930938,0.046
1.2497969203,2.11
-0.413168092299998,1.147
-1.4439741391,-0.064
0.7348737912,2.364
-2.3526265504,-0.652
1.0452620024,1.286
-2.1220022513,-0.428
4.541028218,0.496
-1.4170831424,1.618
-2.4186225225,-0.434
-0.674873437800001,-0.974
-4.616108151,-0.083
-8.4075215292,0.756
-6.4575622117,1.479
-0.413168092299998,0.535
-0.8282055916,2.055
-0.239449517700001,-0.962
-3.3631274099,-0.943
-1.2855703116,1.578
1.3476442437,0.55
0.9483870766,-0.177
-0.385882266399999,-0.209
-4.8282055917,-0.635
-2.2466325422,-1.12
-6.0278779365,0.132
-0.243243091,0.287
-2.8423947808,1.284
-1.974923202,-0.188
-1.1037894481,1.817
-6.2711490875,2.729
-2.3583061574,-0.354
-3.7730640374,0.667
-5.0570242821,1.71
-2.6727774109,0.708
-1.112773159,0.015
-0.9528214314,1.107
-0.721717157499999,3.421
-3.6639971627,0.128
-1.4730395484,0.603
-0.6207635118,2.172
-1.6900082977,-2.26
-2.3959650208,0.122
-0.413168092400001,3.187
-9.807630787,0.343
-1.4519873413,0.282
0.280728779899999,-1.037
-2.5006309336,0.52
-1.2773207673,-0.605
-3.5216925491,2.081
-3.7542050102,0.08
-6.4502574111,2.003
-3.872599711,0.056
-3.5978598046,-0.875
-3.2205230145,-0.509
-3.1923994135,0.171
-6.5470238391,0.404
-1.7510377311,-0.009
-3.0737077277,-0.644
3.0105135013,1.551
-1.2502425025,1.618
-1.5814118268,0.986
-2.3868568153,5.549
-0.417655483399999,4.582
-0.413168092299998,0.206
-6.4575622117,0.12
-2.87381359,1.246
-5.5183874044,-0.761
-1.489789374,-0.936
-1.1984292436,0.914
0.5695539162,0.368
-1.6918841205,1.602
-4.2726115256,-3.841
-1.5043159805,-0.234
-1.4676158765,1.498
-1.5257599188,0.933
2.3317902925,0.163
-2.0598863677,1.471
-1.9011476098,-0.084
-1.7511400101,-3.306
-2.2342282636,-2.788
0.693747111499999,0.304
-0.640835455800001,-0.195
-4.1136078105,1.04
-3.8244436729,0.362
-1.1101298915,-0.827
-2.6690663169,-0.572
-5.4131680923,-1.084
-1.9981305931,-0.056
-0.684736884700001,0.006
-3.6689835152,0.151
0.0077264533000001,-2.981
-5.5083253254,1.588
-5.1680555945,-0.404
-2.8774491107,0.285
-6.2958111417,0.245
-0.868203659599999,-0.701
-7.9130139794,-0.628
-2.3808434756,-1.151
-2.5078493455,1.509
-6.4792572828,1.123
-1.0385156646,0.771
-4.5273836612,-0.73
-4.4131680924,-0.791
-2.1644889795,-0.431
-2.5315627932,-0.447
-0.200682628700001,0.746
-3.1726592241,-0.487
-1.7312802526,-2.501
-1.4908474562,-1.572
-6.5006309336,0.833
0.586831907599997,-0.626
0.260728136700001,-1.294
-0.9838463671,-1.511
-10.0588265248,1.188
-0.3153822008,1.022
-1.8501789268,0.023
-0.413168092299998,0.483
-4.6427560152,0.761
-4.5830930938,-0.452
-5.5719953849,-0.646
-0.413168092299998,-1.646
-2.7555602898,1.168
-4.4131680923,0.22
1.1238599313,0.59
-1.45890393684,-1.354
3.1214208858,0.2
-0.306221793600001,-1.814
0.733673295999999,0.277
0.0869055106999994,0.346
-2.2496693601,4.604
-0.9393110805,-0.676
-2.3025451697,-1.286
-1.7933441602,-0.002
-0.523520421000001,-0.766
-0.212402512499999,-2.033
-0.9954301805,-0.24
-1.1337040898,-1.018
0.681626548200001,0.39
-2.3811342647,-0.637
-0.5571573644,0.422
-0.761091395899999,-1.37
-1.1297837061,-0.285
-0.936941231199999,-0.625
-0.549051520499999,-1.104
-1.1086398755,-4.101
-1.07039886869,-2.839
-1.0457551978,-1.206
-0.7350961872,0.756
3.8799559739,-0.949
-2.0238936892,-0.359
-0.0885458883000005,-0.205
1.9791493304,-1.038
-0.300745559999999,0.069
-1.1194368894,4.115
-2.426407492,2.212
-1.5733180978,0.442
0.550023620899999,-0.407
-0.382849949800001,-0.311
-0.916625952699999,1.017
-8.0130809345,-0.696
-0.7732188746,-0.195
-3.0023218662,-1.052
-0.237173522899999,1.817
-9.0260365896,-0.231
0.1599786581,0.696
-1.6148019536,0.57
-6.1945278059,-0.26
-0.413168092299998,-0.32
-2.1074089344,-0.667
5.3147523622,-1.319
-1.2710928739,3.849
0.211322772500001,1.282
-0.413168092299998,0.434
-0.303464173,1.448
-4.3142530663,-0.353
-0.3062528884,1.008
-3.3154714185,-0.412
-9.1747193248,1.544
1.8081882822,1.399
-1.1432622099,-0.821
-8.8011853777,-1.138
-2.7968151725,-0.765
-1.4374156387,-0.245
-0.8203434739,-0.812
-0.939604516500001,1.255
0.1063246168,-1.097
-7.2023756678,0.467
-6.9209627325,-0.571
-6.9209627325,-0.924
-6.679954633,4.376
-1.699988751,0.254
-8.4355359054,-0.461
-1.4160974234,0.278
-1.5676959889,-0.161
-2.6224883742,1.049
-0.965709115400003,2.87
0.8994221379,2.811
-1.2741916793,-0.05
-1.3827944433,0.31
-3.4010952601,0.847
-5.622621458,-1.034
-0.891564989400001,-0.662
-4.8054855151,2.779
-4.3980612,0.928
-3.2496693601,-0.008
0.6535029472,-0.57
-0.914530391500001,0.27
-1.2388379118,-1.224
-4.6291054916,-0.445
-0.761091395899999,-0.015
-0.364258491900003,-0.44
-1.8174853162,-3.005
-1.1501336865,1.147
-2.0502633975,-0.277
-4.1857575963,0.01
-4.317308077,1.382
-1.6448983783,-0.191
0.566073347399998,6.688
-0.45244808,-0.387
-1.5212278382,-1.528
-0.5769583076,0.291
-2.5164559008,2.733
-7.1136078105,2.532
-1.3158523442,-1.76
-0.413168092299998,3.083
-1.3888621859,0.718
-2.4856535994,0.004
-0.413168092299998,0.524
-1.5862328014,0.444
-2.9466002925,1.733
-4.2711490875,-1.75
-0.6583990721,0.701
-2.7055230719,0.437
-2.7350961872,-0.285
-0.413168092299998,2.144
0.0204198032000011,0.226
-0.709038555300001,3.773
-3.3487775051,0.785
-1.9113518802,0.316
3.4483619698,-0.067
-5.6748356624,1.313
0.274887901300001,6.479
-1.4131680923,2.873
-3.6355605137,-0.967
-3.782401902,-0.455
-6.679954633,-0.082
2.6633734625,1.336
-5.770720097,-0.418
0.416906906200001,-1.812
-3.5830930938,-1.246
0.0105491625000003,-2.074
-1.7906885133,1.242
-4.6047881649,3.773
-4.0034640374,0.173
-1.8852365367,-1.037
-2.6202757853,0.658
-2.0625865732,-0.287
7.1867447498,0.455
-0.413168092299998,0.078
-1.8236633497,0.061
-1.8016638042,2.095
-2.813706022,2.328
-5.5582184252,0.162
-3.1136078105,1.056
0.949401987000002,0.045
-5.8505734047,1.839
-2.6634914465,1.778
-1.4523386897,0.363
-6.5629152118,-0.614
-1.9297436181,-1.428
-2.9981305931,-0.799
-1.6695078457,-1.417
-1.290109696,1.214
-0.5721625708,-1.23
-8.2140679923,-1.84
2.5205982092,1.175
-0.254664270000001,-0.443
-1.0505027699,0.604
-0.413168092299998,0.385
6.9355600619,0.302
-0.521692549100001,0.405
-4.5541804019,0.038
-1.9322649435,-0.808
-0.168957560899999,-0.883
-1.0442713701,-0.256
-1.2500751244,-1.542
-1.2883011289,-3.239
-1.4085300261,-1.701
-0.975091217499999,-0.819
-1.9441917861,-1.388
-8.9288679306,-0.362
-0.587498273,0.006
-2.685015568,0.406
-1.8204449756,-0.693
-1.3745856301,2.2
-3.5001364931,-0.758
-7.3320313296,0.759
-1.3372788811,1.218
-2.441512718,2.981
-0.8411612467,1.962
-0.413168092299998,-0.059
-2.9201280811,0.243
-3.3950207457,0.333
-0.413168092299998,-2.431
1.8696557667,-1.184
0.763329562999999,0.614
-2.5791780438,-1.657
-2.6969610584,0.215
-1.0478836283,-1.566
-1.1788594067,-1.191
-9.1478777126,-3.559
-1.2267549682,-2.209
-2.910798198,-3.384
-2.8346318608,0.031
-1.7849381378,0.202
0.6381124125,0.065
-0.840474429,-1.317
-0.5553481033,0.03
-1.6920274654,-0.524
1.2610617464,0.543
-3.4549882681,-1.387
-1.6468869314,0.806
-4.1136078105,-0.045
-1.7023849972,-1.119
-0.8493398048,-1.486
-0.863282438899999,1.015
0.228038519,-0.271
-2.032077925,0.63
-2.1943334905,0.423
-4.5378638398,0.796
2.1370289902,-0.996
-1.6981966045,-1.236
-1.396094579,-0.584
-1.5733294926,-0.363
-6.2958111417,1.394
-1.8858722383,-2.076
-5.9186961256,-2.704
-2.2758186945,-0.304
-5.4672447651,0.077
-3.4131680923,1.053
0.588573241599999,0.37
0.323797501799998,0.356
-4.6911528397,2.374
-3.1281911337,1.332
-0.544314765999999,-1.181
-2.4569497844,-0.811
-1.059270888,2.108
-0.0833778797000004,3.293
-0.559324927899999,0.64
-5.5103899001,-0.222
-10.1205272244,1.592
-1.4230158783,-0.363
-1.6883861527,-3.378
-3.4997986896,4.055
-2.5955301971,-0.473
-6.9209627325,0.63
-0.348804157899998,-0.615
-3.4131680924,-0.67
-1.7154673805,-0.645
-0.0898193227999986,-0.863
-3.1936017151,1.011
-2.3897091195,0.77
-0.403436554400001,0.071
0.9594696834,1.636
-0.2883309805,1.068
-2.8529014197,-1.464
-1.7396168135,-2.067
-1.8551358053,-0.341
-0.3776987488,-0.427
2.5354327551,-1.534
-1.1211889895,0.341
-3.5830930938,-0.626
-2.2532453357,-0.078
-1.2166775345,0.519
-6.3147054535,0.987
-0.483557420300002,-0.173
-3.4007630715,-0.13
-0.3751167867,-1.366
-0.470893460499999,-1.264
-2.6472234312,4.229
-0.673482996900001,6.919
-1.5915930843,0.418
-8.5475944126,1.019
-2.7467661805,-0.843
-1.6321357168,1.833
-1.4228832472,0.125
-7.12741361,0.74
-2.9981305931,0.246
1.6873355081,1.659
-2.2780670589,-1.163
-3.8271443963,0.268
-5.7838554991,0.04
-2.9192297653,-0.622
-0.647633346100001,-0.245
0.717725974499999,-1.694
-0.3560869972,-0.423
-0.920509696000002,0.371
-0.5785430269,-0.212
-4.5378638398,0.191
-0.809469029100001,-1.598
-4.3307059322,-3.373
1.6988904148,2.15
0.486137908,0.223
-0.262751249799999,-0.942
-5.2958111417,-1.5
-1.2388835516,0.126
-3.6610956058,-0.82
-5.5216925491,1.835
-5.0524611944,0.095
-0.413168092299998,-0.031
-2.1012240861,1.187
-2.9738830469,-0.556
-0.956789797800001,-4.293
-1.9682291074,-1.445
-7.0278779365,3.697
-0.998130593099997,-0.385
-1.6388808721,-0.149
-1.903493719,-0.807
-2.2205230144,0.736
-8.4575622117,-1.161
-6.7169488405,-0.699
-1.4131680923,-0.329
-0.690702068,0.143
-5.6778713186,-1.873
0.0996446225999996,-1.414
-7.9445495529,-0.711
-7.7169488405,-0.631
-7.9367300484,1.712
-0.809726170999999,-0.991
-4.0968645467,0.338
-5.1136078105,0.555
-6.320058688,-0.041
-9.2043309809,0.582
-1.3832975628,-1.134
-1.2821292324,0.232
-9.0018827279,-0.212
-2.5172405466,-0.964
-1.1339024158,6.095
-10.1796970009,-0.132
0.249025838,-0.03
0.8990010361,0.226
0.7858129424,0.406
-4.2483572227,0.981
-7.5006309336,-0.558
-1.6824782436,-1.73
-1.0497831612,2.685
-2.4813395951,-1.079
0.2293818999,0.152
-6.0855934343,0.834
-2.6134945723,0.494
-0.67412817,-1.253
-3.2064019062,-0.637
-2.0377403574,0.467
0.816250703,-0.341
-9.1912452219,1.216
-1.1407349886,0.198
0.2598757443,1.513
-0.413168092299998,1.428
-8.5006309336,-0.232
-3.3302544551,-0.65
-0.413168092299998,1.787
1.0434703114,0.049
-1.7968963152,-0.523
-0.1285636037,-0.145
-0.628268021199999,0.765
-4.7350961872,1.659
4.2973252904,-0.55
-0.186659562599999,0.325
-7.7618962466,2.348
-4.371082691,0.1
-3.320058688,0.106
0.468187411099997,-0.553
-1.1569228522,-0.949
1.4366389713,2.353
0.953506385300001,-0.949
1.0250296918,-0.809
-0.362286923400001,1.134
-4.6985703112,-0.631
0.2497969203,0.388
-2.5037706412,0.797
-0.413168092299998,3.012
-8.7031869393,2.928
-4.4131680923,3.396
-0.528070187199999,1.873
-1.8420113912,-2.671
-0.413168092299998,-0.103
-2.9981305931,-0.624
-0.413168092299998,-0.997
-6.6985703112,-0.769
-4.8725997111,-1.016
-8.4410740889,0.824
-6.872599711,-0.12
-4.0417575255,0.942
-4.6610956058,0.168
-0.413168092299998,-0.404
1.0722587348,0.402
-0.413168092299998,1.239
-7.3439054299,1.811
-2.0869398601,1.5
2.1208104796,-1.664
-2.0165091224,-1.023
-6.1410885469,-0.291
-0.833030238600001,-0.312
-8.0855934343,1.034
0.978022664899999,-0.825
1.4867649525,2.379
-8.9209627325,-0.762
-0.0313598208999988,-0.042
-6.8225590285,0.793
-3.5315627932,-0.174
-3.7350961872,1.247
-5.1729049942,0.406
-1.9487183989,-0.854
-1.806434969,0.405
1.9616803168,1.484
-2.4737096343,-0.952
-2.7865196889,-1.281
-2.8673439856,0.602
-1.4131680923,0.122
-7.1410885469,-1.204
-0.413168092299998,-2.022
-1.4131680923,1.848
-4.9981305931,1.167
-0.283885075400001,1.438
0.0234025684999999,-0.288
0.911794062599999,-2.595
-0.413168092299998,-1.563
-2.5227925836,-0.757
-3.5830930938,-1.591
-3.2205230144,-0.173
-0.3100745994,-0.75
-0.413168092299998,0.931
-3.8606270694,-0.248
-0.6749091812,0.836
1.4058686347,0.078
-4.013831908,-0.255
-0.413168092299998,0.258
-3.7350961872,-0.252
-1.9196286194,1.537
-0.3803248357,1.663
2.1343197029,-0.998
-2.0755206258,2.524
-1.4391633009,0.874
-8.5880937748,-0.987
-3.0835999353,0.961
-4.7350961872,0.49
2.9980273406,-0.746
-5.4575622117,1.145
0.770832094299999,-0.91
-1.2094395153,0.032
0.132623811,3.374
-6.1066550498,0.225
-4.9981305931,-0.074
0.743978304400001,-2.703
-2.7350961872,-0.497
-7.0996686195,0.007
-1.1999942011,0.526
-2.4076651167,1.752
-7.9050211887,-0.85
-2.593288861,2.631
-0.602992651200001,-1.089
3.5755165944,1.658
-4.0015614985,-0.028
-2.4131680923,0.922
0.8298748383,-0.69
-2.4898331656,0.842
-7.0713795751,0.436
-0.413168092299998,0.673
-6.670555935,0.72
-6.9830237007,0.926
2.9791493304,1.021
-3.7350961872,1.358
-4.5830930938,-0.046
1.3405820861,0.121
-3.7233509796,1.836
-1.9981305931,0.625
-7.2876372103,-0.236
-4.3039390226,0.314
-7.7169488405,-0.061
-7.4493417049,-0.003
-1.160402022,-2.124
-8.9249207461,-0.2
-1.3945524142,1.593
-5.9981305931,0.089
1.1717944084,0.515
-2.8648640623,2.838
-0.197439401299999,6.688
-0.550327338599999,-0.327
0.648759656799999,0.186
-5.9574886086,1.44
-4.2284282125,5.16
-5.3673644027,1.281
-1.4658095721,1.202
-3.9367300484,-0.386
-9.8054855151,-0.227
-7.2075839587,0.048
-0.174160957200002,1.797
1.0108581901,1.479
-7.7618962466,0.063
-7.5730394291,-1.169
1.9087600025,-1.573
-3.8259496178,-0.101
0.5804717428,-2.513
0.0607630959000005,-0.202
-9.6054609068,-0.329
-2.1939879761,-0.523
-8.622621458,1.731
3.7946597012,1.213
-2.1694990114,6.248
-9.134267281,1.288
-2.6081840748,-0.191
4.6312260269,-0.289
0.8156505981,1.738
0.166500108699999,1.305
-2.7212903878,1.708
-0.413168092299998,-1.635
0.676207715,0.508
-3.5286453098,0.099
4.2354890836,0.092
-4.9367300484,0.967
-1.9981305931,0.566
-1.7350961873,0.714
0.491120708,1.349
0.4708081112,-0.566
-0.122775571,-0.578
-1.2810645564,-1.376
-0.273443328700001,-0.541
-1.5506716162,2.784
-1.4058632918,-0.129
-5.0172394161,-1.111
0.3670506997,-0.583
-3.5830930938,2.194
-0.413168092299998,-0.128
-3.0674786398,0.555
-1.4131680923,-1.179
-1.6458288492,0.207
-0.413168092299998,2.141
3.2941910397,3.054
-2.3112884784,-0.388
-3.7916797157,-0.505
-7.6985703112,2.062
5.9087600025,1.982
-4.3827944433,-1.518
-1.1717925677,-1.573
0.809224329000003,0.052
-4.6429024891,-0.416
-3.2205230144,0.126
-0.413168092299998,1.811
-8.0855934343,0.332
-0.572948536399998,0.453
-2.7885937358,-1.883
-4.1936230112,-0.659
-0.707911358000001,0.968
-4.9981305931,-0.035
-6.8561115882,-1.273
1.8431716609,0.03
-0.413168092299998,0.43
-7.839432847,0.502
-8.1613609419,0.549
-7.7350961872,0.8
7.5755165944,-0.405
-4.2205230144,0.425
-7.0713795751,-0.746
-0.413168092299998,0.157
1.0996446225,0.386
-7.9735009266,-0.108
-6.0570242821,-0.762
-1.2527034202,0.502
-0.413168092299998,-2.558
-5.8054855151,0.42
-0.4306909196,-1.076
-3.9981305931,-1.123
-0.587498273000001,-1.208
-5.6502072897,-1.788
-1.9550618712,-0.864
-6.4502574111,0.997
-7.320058688,-1.215
-3.5830930938,-1.33
-2.2460581065,0.487
-5.622621458,-0.523
-8.6029926512,-0.049
-8.7838554991,-0.347
-6.1136078105,0.592
-7.7169488405,-0.374
-6.7939898763,3.038
-1.5232778493,1.906
-3.5830930938,0.895
-0.413168092299998,0.78
-1.9436828091,1.701
-2.6115816508,1.439
-7.2835328119,0.764
-6.2460581065,-1.238
2.9409746274,0.159
-0.413168092299998,4.349
-8.4575622117,-0.314
-0.6541761919,-0.686
-1.3616377918,-0.481
-0.413168092299998,-1.208
-2.4131680923,-0.181
-2.6355605137,0.47
-3.3785543373,-0.874
-8.0388769354,0.21
-3.1091619055,-1.179
-3.5830930938,-1.335
2.3030389416,-1.54
1.1717944084,-0.299
-0.413168092299998,-1.318
-9.0167944373,0.183
-0.413168092299998,0.238
3.1717944083,0.329
-3.2205230144,-0.166
-0.413168092299998,-0.401
-1.1258861403,-2.089
-8.9981305931,0.488
-6.5629152118,1.072
0.508298505000001,0.955
0.3319967723,-1.038
-0.544957964900002,3.299
-0.639208290800001,0.252
-2.5313495187,0.359
2.1717944084,1.235
-9.3818348855,-0.006
0.9791493304,2.016
-9.3702701339,0.031
-0.1592758256,2.304
2.7567569091,0.027
-3.7388877664,-0.29
-4.2265720591,0.394
-6.967756944,-0.211
-3.2841816517,1.019
-8.0497927129,-0.201
-0.553583211500001,0.56
-1.4752898043,0.349
-0.413168092299998,-1.063
0.6088582139,-0.321
-7.5424511093,0.469
2.0694601014,0.628
-1.8780091476,0.175
-0.413168092299998,1.453
-0.413168092299998,1.35
-3.4399681518,1.721
-7.5321091651,5.781
-0.413168092299998,2.645
-0.413168092299998,0.504
-3.2205230144,-0.582
-0.410347573300001,0.014
-1.5593888333,1.138
4.7962852733,-1.291
-0.725112098699999,1.336
-4.1136078105,1.213
-0.413168092299998,0.458
-7.12741361,-0.715
-0.9277412653,-0.684
-1.8033592141,-0.557
-5.3472801568,0.815
-2.7350961872,-0.901
0.206983836800003,-0.866
3.7567569091,-0.02
-6.3904480158,1.837
-2.9981305931,3.699
-7.770720097,-0.287
-8.2205230144,-0.078
-9.0315535946,0.71
-2.7350961872,-1.172
1.156687516,-1.547
-0.413168092299998,1.443
-5.0570242821,-0.082
-6.6985703112,0.526
-6.872599711,0.008
-1.9741848975,-0.193
-6.1945278059,-0.271
-4.320058688,0.805
-7.0855934343,2.571
-6.4792572828,1.887
-1.9981305931,1.072
3.1695025968,7.862
-8.3439054299,0.335
-5.7350961872,-0.477
-1.9981305931,-0.828
-0.538698974500001,-0.053
-0.0439342827999987,0.044
1.0648792044,-1.278
-5.839432847,5.568
-0.413168092299998,2.739
-1.8054855151,-1.659
0.513191145400001,0.329
-7.3079858557,-0.429
-5.872599711,-0.642
-3.0081146817,-1.217
-0.757917147999999,-3.807
-2.4626367686,-0.879
1.2057417403,0.128
3.5868319077,0.736
1.9848629815,0.796
1.8801393246,-0.941
-5.9981305931,0.495
-8.5880937748,5.058
-4.2205230144,0.896
-2.1590668113,-0.73
-1.9185423284,-0.619
-1.4637941654,-1.051
-0.700970403300001,0.203
0.550306031599998,0.037
-1.9981305932,-1.155
-2.8891298159,-0.823
-0.413168092299998,0.52
-8.1879551519,2.814
1.2818034131,-0.346
1.9087600025,2.77
-8.2333470548,1.324
-4.4002290367,1.105
-3.5600094807,1.066
-9.1978029379,2.579
3.9905540936,1.184
-0.902552933100001,0.805
-0.413168092299998,0.681
-9.4630166418,1.84
-1.6669246847,0.106
-0.413168092299998,-0.404
-0.261164998999998,1.715
0.381630657800001,0.626
3.6639713056,0.922
-2.4376626543,0.379
-1.8973676162,-0.677
-0.703370319599999,-0.315
-5.1543214835,-1.259
-4.9367300484,-1.949
-4.2205230144,0.735
-5.8054855151,-0.081
-0.133550802399999,1.1
-0.4652566036,3.666
2.9514043399,1.599
-1.2151895702,-0.199
-0.413168092299998,-0.109
-4.7895439713,-0.204
3.6263602718,-0.358
-2.2496693601,0.296
-4.2496693601,0.381
-8.5006309336,-1.391
-2.6252185695,1.236
0.586831907700002,-0.174
-0.8872212794,1.236
-2.549229642,1.871
-2.61110747,0.916
-6.5424511093,-0.402
-4.2745759182,0.934
-8.0570242821,-0.427
-0.141122445200001,-0.183
-0.6537960852,1.058
-3.3801796805,-0.073
-0.413168092299998,0.166
-2.7227124629,0.478
-7.0855934343,-1.597
-3.5830930938,-1.62
-6.7179096765,-0.125
-3.1680555945,-0.044
-2.5650269091,0.657
0.0443046731999992,1.164
-0.413168092299998,-1.286
-4.9981305931,0.977
2.3558983449,-0.214
-4.0534130286,-0.706
-0.533579138799999,0.723
-6.3006933632,6.77
-0.2865705226,-0.401
-7.7350961872,-0.466
-0.413168092299998,2.989
-0.413168092299998,0.081
-2.9981305931,3.772
-5.622621458,0.216
-0.0312173850999997,-0.593
-4.3399582454,0.611
-1.8247989902,-0.179
-0.843033009399999,-0.154
4.0462635262,0.149
-2.7040995937,1.03
-2.2446623681,0.525
-2.0695152264,4.223
-9.4520870816,-0.374
-0.0312974570000009,-0.283
-1.0583771355,2.427
1.2497969203,1.448
-4.5006309336,1.356
-1.4739874697,-0.87
-2.6961020556,0.167
-4.8054855151,0.487
-0.413168092299998,1.418
-1.4131680924,-0.182
-6.5006309336,-0.221
-2.8222807577,-0.37
-0.413168092299998,5.24
-2.9981305931,0.529
-0.813991732499998,-1.758
1.3782452858,1.234
-7.5527194447,-0.164
-6.8054855151,-0.684
0.115526188700002,1.256
-1.3136324188,0.086
0.1717944084,-0.708
-1.9981305931,-0.826
0.2142025556,1.834
-3.0468044398,1.732
-2.1981088654,-0.609
-0.464800860799999,-0.078
5.7709988316,-0.375
-3.9464155565,0.085
1.1510816997,2.412
-5.5963899164,2.071
-4.0799246842,-0.505
-0.808709416099999,-0.72
-3.5006309336,3.954
-8.6128404372,4.911
1.1697975982,-0.905
-0.413168092299998,0.082
-0.1787028388,2.289
-0.693803023499999,0.271
-0.686186586800002,0.361
0.0890019986000006,-1.076
-1.6355605137,1.123
-3.0901911461,0.589
1.9751024973,0.599
-1.8301227947,-0.852
-0.785229620699999,-0.363
1.1637570892,0.169
0.794636792799999,-0.74
-0.3262718805,-1.265
-0.759663409,4.131
-1.0681563844,-0.381
-4.872599711,-0.57
-2.7566293488,0.93
-2.5042530672,-1.018
-1.8282055917,-0.504
1.6062842703,-1.474
-9.5830930938,-0.672
-3.1418660706,0.48
-1.316492073,0.677
-2.9564525619,-1.494
-4.6905060363,-0.24
-9.5321091651,-0.408
-1.4131680923,-0.064
-3.1750800437,2.432
1.4437069655,-0.565
-1.5182286939,-0.55
-2.7503226615,-0.69
-3.6108288875,-2.978
-3.0466041669,-2.016
0.145264925500001,-1.41
-2.2970710275,-1.328
-1.1721599929,-2.092
-1.5628130995,0.674
0.710063673599999,-0.657
-4.5830930938,0.694
-0.495805241399999,0.209
-0.762738621599999,0.133
-1.5162137498,1.079
-1.2565399135,0.195
0.437351008900002,0.686
-2.325007904,0.385
1.3389043942,-0.621
-10.6299139505,0.113
-0.365301781199999,0.831
0.781479338499999,6.592
-3.3325496322,-0.452
-2.6041108751,-0.37
-2.1845437173,0.998
0.243258818699999,-0.388
0.217816195799999,-0.402
-1.7740903189,-0.057
-7.6128404372,-0.789
1.8062770449,-0.031
-2.1874949532,4.111
-5.5424511093,0.822
-0.9422146039,2.061
-1.0164314099,-1.764
-0.605813170400001,1.371
-0.3808542022,2.023
-2.1804162534,1.218
-1.9905573734,0.855
-0.916666492499999,-0.516
-4.9156684329,-1.767
-2.6198985348,-3.656
-0.0467405372999998,-1.173
-2.090389101,-1.058
-0.7589429293,-0.024
-1.4540131446,1.114
-1.8433517707,0.465
-1.8844738113,-0.299
-1.7245696068,-1.512
-8.3140349003,-0.936
-0.216310763100001,-0.13
-2.0585032111,-0.709
-3.0833465954,-1.256
-3.0082833095,1.261
-0.6489810295,2.784
-1.3181128418,0.464
-1.7560366719,-1.025
-0.2876372103,0.891
-4.3924095322,0.176
-1.6148019535,0.369
-2.3171847926,-0.299
-0.3084992822,-0.428
-2.364258492,-0.701
-1.6563356445,-0.743
-6.9523269035,-0.502
-5.6643461405,-0.613
0.495157307,-0.277
-1.1343186893,-0.837
-8.3847116463,1.187
-1.5250480631,-0.678
0.205067306599998,0.172
-0.71285155,2.075
0.369270482100001,-0.078
-1.1043837977,-0.296
-1.2258986281,0.373
-1.018465392,-0.994
-2.0126520548,1.284
0.7107707038,-0.472
2.1560055226,0.304
-2.1132237575,-0.414
-0.532467020699999,0.358
-0.166730197099998,-0.679
-1.5470518051,-0.139
-2.3391675109,-0.997
0.0345849821000002,-0.784
-0.0737525708,1.843
-5.1201211175,0.178
-0.876238288100002,0.598
-0.254225101899999,7.601
-4.4131680923,-0.164
0.142295338899999,-0.952
-0.771468577,0.54
-1.2921526914,-0.627
-0.920621225900002,-0.267
-2.7350961872,0.347
-3.9523269035,0.758
-3.2876372103,0.789
-9.2958111417,0.582
-0.227016776499998,-1.283
-0.884588061499999,0.798
-4.9415470648,-0.1
-1.8647194612,0.776
-0.0257661599999999,-0.741
-7.6029926512,-0.019
-8.7530180952,-0.796
-4.5006309336,0.843
-6.1136078105,-0.854
-8.7305807061,-0.601
-0.413168092299998,-1.319
4.6742947489,-0.811
-0.413168092299998,-0.71
0.4052845385,-0.32
-4.320058688,0.413
-0.413168092299998,-0.963
-3.5830930938,-0.946
-0.8954449291,-0.802
-6.9209627325,-3.019
0.0927228372999984,-4.042
0.1393729306,-1.125
-0.945543631,-0.511
-0.413168092299998,-0.684
0.773147298200002,-0.072
-8.0570242821,-1.741
0.0462635262000006,-0.068
-7.622621458,1.271
-0.413168092299998,-0.876
-5.770720097,0.918
-1.3174651468,2.029
-0.413168092299998,-0.003
-1.8520523336,-0.317
-1.4131680924,-0.464
-1.0746197356,1.894
-1.7104341331,-2.202
-3.3307059322,-2.142
-4.5802277601,-1.668
-1.4131680923,-2.415
0.6033409948,-0.093
-3.6610956058,-0.375
1.2431790416,-0.525
0.788465768799998,1.051
-3.1997644543,0.459
-0.957035572,-0.913
-7.3320313296,0.911
-4.4281184338,0.884
0.1400079196,2.034
-3.9310163972,1.186
-7.8054855151,0.648
-4.4131680923,-0.524
-8.277354237,-2.053
-8.4410740889,1.696
2.4848044386,0.386
-1.9438689993,0.626
-4.515978898,2.163
-2.3169527772,-0.518
-5.3673644027,-0.444
-7.5930771824,1.016
-6.2958111417,0.176
-3.872599711,-0.621
-0.413168092299998,-0.118
-7.967756944,-0.147
-0.413168092299998,-0.652
-6.2711490875,1.383
-4.320058688,1.0
0.205741740300002,2.02
2.3322590805,-0.44
0.586831907700002,-0.752
-7.9523269035,-0.353
-5.3177668765,0.273
-0.413168092299998,-0.219
-1.0912399975,0.994
-4.0342643792,6.906
-8.42997638,1.925
-6.0855934343,-0.259
-1.4835574203,-1.089
-7.0570242821,0.758
-6.1410885469,1.318
-0.987570453,0.675
0.0241644466000004,-0.356
-0.413168092299998,0.994
0.651299441400001,0.763
-0.443974139100003,2.692
-2.5830930938,0.176
-0.9189710556,-0.578
-2.3467049322,-0.636
-0.108182034,0.047
-1.8951842914,-1.092
1.1432252561,1.728
6.2450433904,2.055
-5.0497927129,1.213
-4.030140988,-0.976
-8.7305807061,-1.182
-9.0093578485,-0.49
-1.065244789,-0.383
-2.4131680923,1.495
-1.9058337458,0.441
-5.9981305931,-0.297
-0.036313787000001,-0.758
-8.4327588207,5.436
5.7057729804,0.472
-5.5401592978,0.331
-0.413168092299998,-0.047
-0.296975074899997,-0.802
-2.2876372103,0.047
-1.9981305931,0.766
-3.0198256642,-1.585
-2.6414370801,0.859
-0.190775671099999,0.287
1.0913044905,-0.088
-3.0039833193,-0.453
1.3832985135,0.507
-0.413168092299998,-0.024
-6.4575622117,1.033
-1.8365690646,1.103
-8.6079249468,0.499
-4.5629152118,0.305
-5.4131680923,0.99
-0.243243091000002,-0.818
-0.533701757699999,-0.29
-3.5830930938,-0.151
-2.4131680923,-0.993
-8.2896850389,-0.267
-0.413168092299998,-0.765
-9.6201824125,-0.506
0.274553982799997,0.249
-0.753922710100001,0.302
-2.7471522049,0.099
-1.4530608195,0.357
-0.933496116500001,0.739
-3.6673060978,-0.578
-0.545308431299999,1.794
-1.2802292605,-0.359
-8.3731700244,0.325
-8.9406450984,-0.973
-0.413168092299998,-0.387
-2.6963926579,-0.078
-4.4131680923,-0.436
-4.5006309336,0.268
-2.9621838967,-1.03
-0.8220794888,-0.731
-0.413168092299998,-1.794
-9.6201824125,0.006
-5.5930771824,0.294
-10.2156844575,-1.526
-0.1787028388,1.443
